CREATE DATABASE  IF NOT EXISTS `weeee` /*!40100 DEFAULT CHARACTER SET utf8mb4 COLLATE utf8mb4_0900_ai_ci */ /*!80016 DEFAULT ENCRYPTION='N' */;
USE `weeee`;
-- MySQL dump 10.13  Distrib 8.0.31, for Win64 (x86_64)
--
-- Host: 127.0.0.1    Database: weeee
-- ------------------------------------------------------
-- Server version	8.0.31

/*!40101 SET @OLD_CHARACTER_SET_CLIENT=@@CHARACTER_SET_CLIENT */;
/*!40101 SET @OLD_CHARACTER_SET_RESULTS=@@CHARACTER_SET_RESULTS */;
/*!40101 SET @OLD_COLLATION_CONNECTION=@@COLLATION_CONNECTION */;
/*!50503 SET NAMES utf8 */;
/*!40103 SET @OLD_TIME_ZONE=@@TIME_ZONE */;
/*!40103 SET TIME_ZONE='+00:00' */;
/*!40014 SET @OLD_UNIQUE_CHECKS=@@UNIQUE_CHECKS, UNIQUE_CHECKS=0 */;
/*!40014 SET @OLD_FOREIGN_KEY_CHECKS=@@FOREIGN_KEY_CHECKS, FOREIGN_KEY_CHECKS=0 */;
/*!40101 SET @OLD_SQL_MODE=@@SQL_MODE, SQL_MODE='NO_AUTO_VALUE_ON_ZERO' */;
/*!40111 SET @OLD_SQL_NOTES=@@SQL_NOTES, SQL_NOTES=0 */;

--
-- Table structure for table `Cart`
--

DROP TABLE IF EXISTS `Cart`;
/*!40101 SET @saved_cs_client     = @@character_set_client */;
/*!50503 SET character_set_client = utf8mb4 */;
CREATE TABLE `Cart` (
  `CartID` int NOT NULL AUTO_INCREMENT,
  `ProductID` int NOT NULL,
  `MemberID` int NOT NULL,
  `Quantity` int NOT NULL,
  `CartStartDay` date NOT NULL,
  PRIMARY KEY (`CartID`),
  KEY `FK_CartProductMapping_ProductID_idx` (`ProductID`),
  KEY `FK_Cart_MemberID_idx` (`MemberID`),
  CONSTRAINT `FK_Cart_MemberID` FOREIGN KEY (`MemberID`) REFERENCES `Member` (`MemberID`),
  CONSTRAINT `FK_Cart_ProductID` FOREIGN KEY (`ProductID`) REFERENCES `Product` (`ProductID`)
) ENGINE=InnoDB AUTO_INCREMENT=10 DEFAULT CHARSET=utf8mb4 COLLATE=utf8mb4_0900_ai_ci;
/*!40101 SET character_set_client = @saved_cs_client */;

--
-- Dumping data for table `Cart`
--

LOCK TABLES `Cart` WRITE;
/*!40000 ALTER TABLE `Cart` DISABLE KEYS */;
INSERT INTO `Cart` VALUES (4,101,1,1,'2023-01-22'),(5,102,1,1,'2023-01-22'),(6,103,2,1,'2023-01-22'),(7,104,2,1,'2023-01-22'),(8,105,3,1,'2023-01-22'),(9,106,4,1,'2023-01-22');
/*!40000 ALTER TABLE `Cart` ENABLE KEYS */;
UNLOCK TABLES;

--
-- Table structure for table `End`
--

DROP TABLE IF EXISTS `End`;
/*!40101 SET @saved_cs_client     = @@character_set_client */;
/*!50503 SET character_set_client = utf8mb4 */;
CREATE TABLE `End` (
  `EndID` int NOT NULL AUTO_INCREMENT,
  `EndAccount` varchar(45) NOT NULL,
  `EndPwd` varchar(45) NOT NULL,
  PRIMARY KEY (`EndID`),
  UNIQUE KEY `EndAccount_UNIQUE` (`EndAccount`)
) ENGINE=InnoDB AUTO_INCREMENT=2 DEFAULT CHARSET=utf8mb4 COLLATE=utf8mb4_0900_ai_ci;
/*!40101 SET character_set_client = @saved_cs_client */;

--
-- Dumping data for table `End`
--

LOCK TABLES `End` WRITE;
/*!40000 ALTER TABLE `End` DISABLE KEYS */;
INSERT INTO `End` VALUES (1,'123','123');
/*!40000 ALTER TABLE `End` ENABLE KEYS */;
UNLOCK TABLES;

--
-- Table structure for table `Favor`
--

DROP TABLE IF EXISTS `Favor`;
/*!40101 SET @saved_cs_client     = @@character_set_client */;
/*!50503 SET character_set_client = utf8mb4 */;
CREATE TABLE `Favor` (
  `FavorID` int NOT NULL AUTO_INCREMENT,
  `MemberID` int NOT NULL,
  `ProductID` int NOT NULL,
  `FavorStatus` tinyint(1) NOT NULL,
  PRIMARY KEY (`FavorID`),
  UNIQUE KEY `Index_Favor_ProductID_MemberID` (`MemberID`,`ProductID`),
  KEY `FK_Favor_ProductID_idx` (`ProductID`) /*!80000 INVISIBLE */,
  KEY `FK_Favor_MemberID_idx` (`MemberID`) /*!80000 INVISIBLE */,
  CONSTRAINT `FK_Favor_MemberID` FOREIGN KEY (`MemberID`) REFERENCES `Member` (`MemberID`),
  CONSTRAINT `FK_Favor_ProductID` FOREIGN KEY (`ProductID`) REFERENCES `Product` (`ProductID`)
) ENGINE=InnoDB AUTO_INCREMENT=46 DEFAULT CHARSET=utf8mb4 COLLATE=utf8mb4_0900_ai_ci;
/*!40101 SET character_set_client = @saved_cs_client */;

--
-- Dumping data for table `Favor`
--

LOCK TABLES `Favor` WRITE;
/*!40000 ALTER TABLE `Favor` DISABLE KEYS */;
INSERT INTO `Favor` VALUES (6,1,401,1),(7,1,2026,1),(8,1,2019,1),(9,1,1017,1),(10,1,1028,0),(11,1,1040,0),(12,2,401,1),(13,2,2031,1),(14,2,3025,1),(15,2,4011,0),(16,3,4012,1),(17,3,2034,1),(18,3,2031,1),(19,3,1015,1),(20,3,101,0),(21,3,102,0),(22,4,201,1),(23,4,202,1),(24,4,109,1),(25,4,403,1),(26,4,1016,1),(27,4,3019,0),(28,6,201,1),(29,6,202,0),(30,6,203,1),(31,6,2015,0),(32,6,2019,0),(33,6,2028,1),(34,6,2021,1),(35,6,2034,0),(36,6,3023,1),(37,6,3025,1),(38,6,101,1),(39,6,401,0),(42,2,3018,0),(43,2,201,0),(44,2,202,0),(45,2,203,0);
/*!40000 ALTER TABLE `Favor` ENABLE KEYS */;
UNLOCK TABLES;

--
-- Table structure for table `Jo`
--

DROP TABLE IF EXISTS `Jo`;
/*!40101 SET @saved_cs_client     = @@character_set_client */;
/*!50503 SET character_set_client = utf8mb4 */;
CREATE TABLE `Jo` (
  `JoID` int NOT NULL AUTO_INCREMENT,
  `JoTitle` varchar(45) NOT NULL,
  `JoContent` varchar(450) NOT NULL,
  `MemberID` int NOT NULL,
  `JoPostDate` date NOT NULL,
  `JoStartDate` datetime(1) NOT NULL,
  `JoStatus` tinyint(1) NOT NULL,
  `JoUseWeeee` tinyint(1) NOT NULL,
  `ProductID` int DEFAULT NULL,
  `JoContact` varchar(45) NOT NULL,
  `Location` varchar(45) NOT NULL,
  `JoDetailedAddressed` varchar(45) NOT NULL,
  `JoNumber` varchar(45) NOT NULL,
  `JoImg` varchar(450) DEFAULT NULL,
  `click` int DEFAULT NULL,
  `JoAttend` int DEFAULT NULL,
  PRIMARY KEY (`JoID`),
  KEY `FK_Jo_MemberID_idx` (`MemberID`),
  KEY `FK_Jo_ProductID_idx` (`ProductID`),
  CONSTRAINT `FK_Jo_MemberID` FOREIGN KEY (`MemberID`) REFERENCES `Member` (`MemberID`),
  CONSTRAINT `FK_Jo_ProductID` FOREIGN KEY (`ProductID`) REFERENCES `Product` (`ProductID`)
) ENGINE=InnoDB AUTO_INCREMENT=47 DEFAULT CHARSET=utf8mb4 COLLATE=utf8mb4_0900_ai_ci;
/*!40101 SET character_set_client = @saved_cs_client */;

--
-- Dumping data for table `Jo`
--

LOCK TABLES `Jo` WRITE;
/*!40000 ALTER TABLE `Jo` DISABLE KEYS */;
INSERT INTO `Jo` VALUES (1,'饒河夜市逛逛吃吃','1234',1,'2023-01-10','2023-02-10 21:00:00.0',1,0,NULL,'LINE:1111','台北','饒河夜市','JO00001','./img/jo/jo_nanjingeasteat1.jpg',300,3),(2,'突然決定玩桌遊','33221',2,'2023-01-26','2023-02-11 02:00:00.0',1,0,NULL,'	LINE:1111','台中','快樂小屋桌遊','JO00002','./img/jo/jo_boardgame1.jpg',200,4),(3,'南京復興站吃晚餐','11223',3,'2023-01-20','2023-02-11 20:00:00.0',1,0,NULL,'	LINE:1111','台北','南京復興站','JO00003','./img/jo/jo_raohenightmarket1.jpg',500,4),(4,'饒河夜市逛逛吃吃','1241',1,'2023-01-15','2023-02-10 19:00:00.0',1,0,NULL,'	LINE:1111','台北','饒河夜市','JO00004','./img/jo/jo_nanjingeasteat1.jpg',200,5),(5,'突然決定玩桌遊','1241',2,'2023-02-02','2023-02-05 17:00:00.0',1,0,NULL,'	LINE:1111','高雄','快樂小屋桌遊','JO00005','./img/jo/jo_boardgame1.jpg',100,8),(6,'南京復興站吃晚餐','42141',3,'2023-01-10','2023-02-15 19:00:00.0',1,0,NULL,'	LINE:1111','台北','饒河夜市','JO00006','./img/jo/jo_raohenightmarket1.jpg',300,3),(7,'饒河夜市逛逛吃吃','123213',6,'2023-01-28','2023-02-08 15:00:00.0',1,0,NULL,'	LINE:1111','台北','饒河夜市','JO00007','./img/jo/jo_nanjingeasteat1.jpg',500,6),(8,'突然決定玩桌遊','1242214',7,'2023-01-10','2023-02-20 19:30:00.0',1,0,NULL,'	LINE:1111','台北','快樂小屋桌遊','JO00008','./img/jo/jo_boardgame1.jpg',300,6),(9,'南京復興站吃晚餐','21441',6,'2022-12-15','2023-02-01 15:00:00.0',1,0,NULL,'	LINE:1111','台北','饒河夜市','JO00009','./img/jo/jo_raohenightmarket1.jpg',100,7),(11,'下午茶','出來喝下午茶',7,'2023-01-27','2023-02-04 16:00:00.0',1,0,NULL,'line:jjerry','桃園','中壢','JO00011','./img/jo/pexels-cats-coming-674580.jpg',3000,3),(12,'一起來手作蛋糕','出來喝手作蛋糕',2,'2023-01-27','2023-02-10 12:00:00.0',1,0,NULL,'line:jj09988','苗栗','苗栗市','JO00012','./img/jo/cake.jpg',2500,5),(13,'墾丁三天兩夜~~','228連假想要去墾丁玩!\n如果你也想參加，歡迎聯繫我喔!',3,'2023-02-03','2023-02-28 12:00:00.0',1,1,2015,'手機:0983167823','屏東','墾丁','JO00013','./img/jo/ow_22_3.jpg',1500,4),(14,'揪團去金門','228連假想要去金門玩!\n如果你也想參加，歡迎聯繫我喔!',4,'2023-02-05','2023-02-28 08:00:00.0',1,1,203,'手機:0981231351','金門','金門','JO00014','./img/jo/fr_3_2.jpg',600,6),(15,'立槳體驗~','一起去玩立槳~',5,'2023-02-01','2023-02-01 10:00:00.0',1,0,NULL,'手機:0987188256','宜蘭','海邊','JO00015','./img/jo/fr_3_3.jpg',800,3),(16,'白沙灣gogo','白沙灣gogo~~',1,'2023-01-27','2023-02-21 10:00:00.0',1,0,NULL,'手機:0987188283','新北','白沙灣','JO00016','./img/jo/co_15_1.jpg',1500,10),(17,'台中美術館~','想要去台中美術館玩，但是我沒朋友，有人要一起來ㄇ',1,'2023-01-27','2023-03-16 10:20:00.0',1,0,NULL,'line:0988281235','台中','台中美術館','JO00017','./img/jo/viewpointticket_art_artnow2.jpg',2500,7),(18,'飛行傘揪團~','想要去玩飛行傘，但是我沒朋友，有人要一起來ㄇ',1,'2023-01-27','2023-03-14 10:30:00.0',1,0,NULL,'line:0988281232','花蓮','花蓮','JO00018','./img/jo/paragliding.jpg',3500,6),(19,'爬山～','一起去爬山',1,'2023-01-30','2023-02-07 13:00:00.0',1,0,NULL,'Line:0978999888','台北','太平山','JO00019','./img/jo/7FA19498-9F63-44D6-BBCC-211D10CEE47E.jpeg',NULL,5),(20,'sally 旅遊','圖片',7,'2023-01-30','2023-03-02 19:36:00.0',1,1,2019,'0909091111','新北','芝麻','JO00020','./img/jo/Frozen Orange Prosecco - Frozecco.jpg',NULL,3),(21,'畫畫教室','想要去參加畫畫課程~\n有人想要一起去的話歡迎聯絡我喔!\n',2,'2023-01-30','2023-02-09 08:50:00.0',1,0,NULL,'0988333444','台中','大甲','JO00021','./img/jo/hm_20_1.jpg',NULL,2),(22,'海邊散心~','心情不太好\n想要去海邊散散步\n',2,'2023-01-30','2023-02-11 15:00:00.0',1,0,NULL,'0988333444','宜蘭','海邊','JO00022','./img/jo/co_15_2.jpg',NULL,2),(23,'高空彈跳~','心情不太好\n想要去玩高空彈跳\n',2,'2023-01-30','2023-02-12 13:00:00.0',1,0,NULL,'0988333444','新北','山上','JO00023','./img/jo/et_18_1.jpg',NULL,5),(24,'木工教室','有人想要參加木工教室嗎\n',1,'2023-01-30','2023-02-13 15:05:00.0',1,0,NULL,'0975001223','桃園','楊梅','JO00024','./img/jo/hm_19_2.jpg',NULL,3),(25,'看夜景','有人想要去看夜景嗎\n',1,'2023-01-30','2023-02-15 21:10:00.0',1,0,NULL,'0975001223','桃園','八德','JO00025','./img/jo/fr_3_1.jpg',NULL,4),(26,'吃冰~','中壢有一家冰店很好吃\n有人要一起嗎\n',1,'2023-01-30','2023-02-16 19:10:00.0',1,0,NULL,'0975001223','桃園','中壢','JO00026','./img/jo/fa_1011_3.jpg',NULL,3),(27,'卡丁車go','屏東卡丁車~\n有人要一起嗎\n',1,'2023-01-30','2023-02-17 08:10:00.0',1,0,NULL,'0975001223','屏東','屏東市','JO00027','./img/jo/et_1035_1.jpg',NULL,10),(28,'卡丁車gogo','台東卡丁車~\n有人要一起嗎\n',1,'2023-01-30','2023-02-13 09:10:00.0',1,0,NULL,'0975001223','台東','台東市','JO00028','./img/jo/et_1036_3.jpg',NULL,10),(29,'卡丁車gogogo','花蓮卡丁車~\n有人要一起嗎\n',1,'2023-01-30','2023-02-22 10:10:00.0',1,0,NULL,'0975001223','花蓮','花蓮市','JO00029','./img/jo/et_1036_2.jpg',NULL,10),(30,'騎車車gogogo','花蓮自行車出遊~\n有人要一起嗎\n',2,'2023-01-30','2023-02-23 10:10:00.0',1,0,NULL,'0975001223','花蓮','花蓮市','JO00030','./img/jo/et_1041_3.jpg',NULL,5),(31,'衝浪','基隆衝浪團~\n有人要一起嗎\n',2,'2023-01-30','2023-02-28 11:10:00.0',1,0,NULL,'0975001223','基隆','基隆','JO00031','./img/jo/ow_1037_3.jpg',NULL,8),(32,'觀光農場','宜蘭觀光農場團~\n有人要一起嗎\n',2,'2023-01-30','2023-02-22 00:10:00.0',1,0,NULL,'0975001223','宜蘭','宜蘭','JO00032','./img/jo/fa_1029_1.jpg',NULL,3),(33,'寵物出遊','基隆寵物出遊團~\n有人要一起嗎\n',2,'2023-01-30','2023-02-23 11:10:00.0',1,0,NULL,'0975001223','基隆','基隆','JO00033','./img/jo/pe_2032_1.jpg',NULL,5),(34,'寵物出遊','桃園寵物出遊團~\n有人要一起嗎\n',2,'2023-01-30','2023-02-14 11:10:00.0',1,0,NULL,'0975001223','桃園','桃園','JO00034','./img/jo/pe_2032_1.jpg',NULL,5),(35,'彰化寵物出遊','彰化寵物出遊團~\n有人要一起嗎\n',2,'2023-01-30','2023-02-16 11:10:00.0',1,0,NULL,'0975001223','彰化','彰化','JO00035','./img/jo/pe_2032_1.jpg',NULL,5),(36,'新竹寵物出遊','新竹寵物出遊團~\n有人要一起嗎\n',2,'2023-01-30','2023-02-18 11:10:00.0',1,0,NULL,'0975001223','新竹','新竹','JO00036','./img/jo/pe_2032_1.jpg',NULL,6),(37,'苗栗寵物出遊','苗栗寵物出遊團~\n有人要一起嗎\n',2,'2023-01-30','2023-02-21 11:10:00.0',1,0,NULL,'0975001223','苗栗','苗栗','JO00037','./img/jo/pe_2032_1.jpg',NULL,4),(38,'看日出','看日出團~\n一台車最多4人\n有人要一起嗎\n',2,'2023-01-30','2023-02-24 23:10:00.0',1,0,NULL,'0975001223','南投','南投','JO00038','./img/jo/fa_202_1.jpg',NULL,4),(39,'看日出','看日出團~\n一台車最多4人\n有人要一起嗎\n',2,'2023-01-30','2023-02-25 23:10:00.0',1,0,NULL,'0975001223','彰化','彰化','JO00039','./img/jo/fa_1024_3.jpg',NULL,4),(40,'看日出','看日出團~\n一台車最多4人\n有人要一起嗎\n',2,'2023-01-30','2023-03-01 23:10:00.0',1,0,NULL,'0975001223','雲林','雲林','JO00040','./img/jo/hm_102_2.jpg',NULL,4),(41,'看日出','看日出團~\n一台車最多4人\n有人要一起嗎\n',2,'2023-01-30','2023-02-24 23:10:00.0',1,0,NULL,'0975001223','台南','台南','JO00041','./img/jo/hm_101_3.jpg',NULL,4),(42,'看日出','看日出團~\n一台車最多4人\n有人要一起嗎\n',2,'2023-01-30','2023-02-25 23:10:00.0',1,0,NULL,'0975001223','嘉義','嘉義','JO00042','./img/jo/fa_2020_3.jpg',NULL,4),(43,'看日出','看日出團~\n一台車最多4人\n有人要一起嗎\n',2,'2023-01-30','2023-02-27 23:10:00.0',1,0,NULL,'0975001223','高雄','高雄','JO00043','./img/jo/fa_2020_3.jpg',NULL,4),(44,'看日出','看日出團~\n一台車最多4人\n有人要一起嗎\n',2,'2023-01-30','2023-02-27 23:10:00.0',1,0,NULL,'0975001223','屏東','屏東','JO00044','./img/jo/fa_2020_3.jpg',NULL,4),(45,'看日出','看日出團~\n一台車最多4人\n有人要一起嗎\n',2,'2023-01-30','2023-02-21 23:10:00.0',1,0,NULL,'0975001223','新竹','新竹','JO00045','./img/jo/fa_202_1.jpg',NULL,4),(46,'看日出','看日出團~\n一台車最多4人\n有人要一起嗎\n',2,'2023-01-30','2023-02-22 23:10:00.0',1,0,NULL,'0975001223','台東','台東','JO00046','./img/jo/fa_202_1.jpg',NULL,4);
/*!40000 ALTER TABLE `Jo` ENABLE KEYS */;
UNLOCK TABLES;

--
-- Table structure for table `JoComment`
--

DROP TABLE IF EXISTS `JoComment`;
/*!40101 SET @saved_cs_client     = @@character_set_client */;
/*!50503 SET character_set_client = utf8mb4 */;
CREATE TABLE `JoComment` (
  `JoCommentID` int NOT NULL AUTO_INCREMENT,
  `MemberID` int NOT NULL,
  `JoID` int NOT NULL,
  `JoCommentTime` date NOT NULL,
  `JoCommentContent` mediumtext NOT NULL,
  `JoCommentStatus` tinyint(1) NOT NULL DEFAULT '1',
  PRIMARY KEY (`JoCommentID`),
  KEY `FK_Comment_MemberID_idx` (`MemberID`),
  KEY `FK_Comment_JoID_idx` (`JoID`),
  CONSTRAINT `FK_Comment_JoID` FOREIGN KEY (`JoID`) REFERENCES `Jo` (`JoID`),
  CONSTRAINT `FK_Comment_MemberID` FOREIGN KEY (`MemberID`) REFERENCES `Member` (`MemberID`)
) ENGINE=InnoDB AUTO_INCREMENT=7 DEFAULT CHARSET=utf8mb4 COLLATE=utf8mb4_0900_ai_ci;
/*!40101 SET character_set_client = @saved_cs_client */;

--
-- Dumping data for table `JoComment`
--

LOCK TABLES `JoComment` WRITE;
/*!40000 ALTER TABLE `JoComment` DISABLE KEYS */;
INSERT INTO `JoComment` VALUES (1,2,1,'2022-12-27','好想加入!',1),(2,3,1,'2022-12-27','好想加入!',1),(3,4,2,'2022-12-27','好想加入!',1),(4,5,2,'2022-12-27','好想加入!',1),(5,6,3,'2022-12-27','好想加入!',1),(6,7,3,'2022-12-27','好想加入!',1);
/*!40000 ALTER TABLE `JoComment` ENABLE KEYS */;
UNLOCK TABLES;

--
-- Table structure for table `Member`
--

DROP TABLE IF EXISTS `Member`;
/*!40101 SET @saved_cs_client     = @@character_set_client */;
/*!50503 SET character_set_client = utf8mb4 */;
CREATE TABLE `Member` (
  `MemberID` int NOT NULL AUTO_INCREMENT,
  `Username` varchar(45) NOT NULL,
  `Password` varchar(45) NOT NULL,
  `FirstName` varchar(45) DEFAULT NULL,
  `LastName` varchar(45) DEFAULT NULL,
  `FullName` varchar(45) DEFAULT 'User',
  `EnglishFirstName` varchar(45) DEFAULT NULL,
  `EnglishLastName` varchar(45) DEFAULT NULL,
  `Phone` varchar(45) DEFAULT NULL,
  `Birthdate` date DEFAULT NULL,
  `MemCreateDate` date NOT NULL,
  `MemStatus` int NOT NULL DEFAULT '1',
  `TotalPoints` int NOT NULL DEFAULT '0',
  `MemberImg` varchar(450) NOT NULL DEFAULT './img/member/memberpic_default.jpg',
  `MemberNumber` varchar(45) DEFAULT NULL,
  `Sex` tinyint DEFAULT NULL,
  `Passport` varchar(45) DEFAULT NULL,
  `Country` varchar(45) DEFAULT NULL,
  `Friend` tinyint DEFAULT NULL,
  `Family` tinyint DEFAULT NULL,
  `Couple` tinyint DEFAULT NULL,
  `Pet` tinyint DEFAULT NULL,
  `Handmade` tinyint DEFAULT NULL,
  `Onwater` tinyint DEFAULT NULL,
  `Farm` tinyint DEFAULT NULL,
  `Extreme` tinyint DEFAULT NULL,
  `code` mediumint DEFAULT NULL,
  `status` text,
  PRIMARY KEY (`MemberID`)
) ENGINE=InnoDB AUTO_INCREMENT=8 DEFAULT CHARSET=utf8mb4 COLLATE=utf8mb4_0900_ai_ci;
/*!40101 SET character_set_client = @saved_cs_client */;

--
-- Dumping data for table `Member`
--

LOCK TABLES `Member` WRITE;
/*!40000 ALTER TABLE `Member` DISABLE KEYS */;
INSERT INTO `Member` VALUES (1,'jerry@gmail.com','jerry','品元','陳','陳品元','Pin-Yuan','Chen','0976234986','1990-12-01','2022-12-26',1,500,'./img/member/jo_leader1.jpg','ME0001',0,'315438771','汐止國',0,0,1,0,0,0,0,1,NULL,NULL),(2,'hans@gmail.com','hans','瀚頤','蔡','蔡瀚頤','Han-Yi','Tsai','0976234986','1990-12-04','2022-12-26',1,500,'./img/member/memberpic_default.jpg','ME0002',1,'12345','新加坡',NULL,NULL,NULL,NULL,NULL,NULL,NULL,NULL,NULL,NULL),(3,'frose@gmail.com','frose','勝傑','張','張勝傑','frose','Chang','0976234986','1990-12-01','2022-12-26',1,500,'./img/member/memberpic_default.jpg','ME0003',0,'315438771','汐止國',1,0,1,0,0,1,0,1,NULL,NULL),(4,'jimmy@gmail.com','jimmy','源俊','初','初源俊','jimmy','Chu','110','2005-01-01','2022-12-26',1,500,'./img/member/memberpic_default.jpg','ME0004',NULL,NULL,NULL,NULL,NULL,NULL,NULL,NULL,NULL,NULL,NULL,NULL,NULL),(5,'emily@gmail.com','emily','奕璇','陳','陳奕璇','emily','Chen','110','2005-01-01','2022-12-26',1,500,'./img/member/memberpic_default.jpg','ME0005',NULL,NULL,NULL,NULL,NULL,NULL,NULL,NULL,NULL,NULL,NULL,NULL,NULL),(6,'ning@gmail.com','ning','子寧','郭','郭子寧','ning','Kuo','110','2005-01-01','2022-12-26',1,500,'./img/member/memberpic_default.jpg','ME0006',NULL,NULL,NULL,NULL,NULL,NULL,NULL,NULL,NULL,NULL,NULL,NULL,NULL),(7,'sally@gmail.com','sally','秀宣','戴','戴秀宣','sally','Dai','110','2005-01-01','2022-12-26',1,500,'./img/member/memberpic_default.jpg','ME0007',NULL,'','',0,0,0,0,0,0,0,0,NULL,NULL);
/*!40000 ALTER TABLE `Member` ENABLE KEYS */;
UNLOCK TABLES;

--
-- Table structure for table `Order`
--

DROP TABLE IF EXISTS `Order`;
/*!40101 SET @saved_cs_client     = @@character_set_client */;
/*!50503 SET character_set_client = utf8mb4 */;
CREATE TABLE `Order` (
  `OrderID` int NOT NULL AUTO_INCREMENT,
  `MemberID` int NOT NULL,
  `TotalPrice` int NOT NULL,
  `OrderNumber` varchar(45) NOT NULL,
  `OrderDate` date NOT NULL,
  `Email` varchar(450) DEFAULT NULL,
  `Discount` int DEFAULT NULL,
  PRIMARY KEY (`OrderID`),
  KEY `FK_Order_MemberID_idx` (`MemberID`),
  CONSTRAINT `FK_Order_MemberID` FOREIGN KEY (`MemberID`) REFERENCES `Member` (`MemberID`)
) ENGINE=InnoDB AUTO_INCREMENT=11 DEFAULT CHARSET=utf8mb4 COLLATE=utf8mb4_0900_ai_ci;
/*!40101 SET character_set_client = @saved_cs_client */;

--
-- Dumping data for table `Order`
--

LOCK TABLES `Order` WRITE;
/*!40000 ALTER TABLE `Order` DISABLE KEYS */;
INSERT INTO `Order` VALUES (1,1,950,'OR0001','2023-01-02',NULL,NULL),(2,1,500,'OR0002','2023-01-03',NULL,NULL),(3,1,900,'OR0003','2023-01-14',NULL,NULL),(4,2,2000,'OR0004','2023-01-18',NULL,NULL),(5,5,12000,'OR0005','2023-01-18',NULL,NULL),(6,3,2300,'OR0006','2023-01-18',NULL,NULL),(7,1,560,'OR0007','2023-01-20',NULL,NULL),(8,2,1000,'OR0008','2023-01-20',NULL,NULL),(9,3,1000,'OR0009','2023-01-20',NULL,NULL),(10,5,1000,'OR0010','2023-01-20',NULL,NULL);
/*!40000 ALTER TABLE `Order` ENABLE KEYS */;
UNLOCK TABLES;

--
-- Table structure for table `OrderDetail`
--

DROP TABLE IF EXISTS `OrderDetail`;
/*!40101 SET @saved_cs_client     = @@character_set_client */;
/*!50503 SET character_set_client = utf8mb4 */;
CREATE TABLE `OrderDetail` (
  `OrderDetailID` int NOT NULL AUTO_INCREMENT,
  `OrderID` int NOT NULL,
  `ProductID` int NOT NULL,
  `Quantity` int NOT NULL,
  `StartDate` date NOT NULL,
  `OrderDate` date NOT NULL,
  PRIMARY KEY (`OrderDetailID`),
  KEY `FK_OrderDetail_OrderID_idx` (`OrderID`),
  KEY `FK_OrderDetail_ProductID_idx` (`ProductID`),
  CONSTRAINT `FK_OrderDetail_OrderID` FOREIGN KEY (`OrderID`) REFERENCES `Order` (`OrderID`),
  CONSTRAINT `FK_OrderDetail_ProductID` FOREIGN KEY (`ProductID`) REFERENCES `Product` (`ProductID`)
) ENGINE=InnoDB AUTO_INCREMENT=14 DEFAULT CHARSET=utf8mb4 COLLATE=utf8mb4_0900_ai_ci;
/*!40101 SET character_set_client = @saved_cs_client */;

--
-- Dumping data for table `OrderDetail`
--

LOCK TABLES `OrderDetail` WRITE;
/*!40000 ALTER TABLE `OrderDetail` DISABLE KEYS */;
INSERT INTO `OrderDetail` VALUES (1,2,3017,1,'2023-01-27','2023-01-03'),(2,3,401,3,'2023-01-18','2023-01-14'),(3,4,1028,2,'2023-01-26','2023-01-18'),(4,4,2020,2,'2023-01-26','2023-01-18'),(5,1,101,1,'2023-01-25','2023-01-02'),(6,1,403,1,'2023-01-25','2023-01-02'),(7,5,2015,1,'2023-02-03','2023-01-18'),(8,6,1018,1,'2023-01-25','2023-01-18'),(9,6,4035,1,'2023-01-26','2023-01-18'),(10,7,1034,2,'2023-02-05','2023-01-20'),(11,8,2032,1,'2023-02-08','2023-01-20'),(12,9,2032,1,'2023-02-10','2023-01-20'),(13,10,2032,1,'2023-02-10','2023-01-20');
/*!40000 ALTER TABLE `OrderDetail` ENABLE KEYS */;
UNLOCK TABLES;

--
-- Table structure for table `PointRecord`
--

DROP TABLE IF EXISTS `PointRecord`;
/*!40101 SET @saved_cs_client     = @@character_set_client */;
/*!50503 SET character_set_client = utf8mb4 */;
CREATE TABLE `PointRecord` (
  `PointRecordID` int NOT NULL AUTO_INCREMENT,
  `OrderID` int NOT NULL,
  `PointsChange` int NOT NULL,
  PRIMARY KEY (`PointRecordID`),
  KEY `FK_PointRecord_OrderlID_idx` (`OrderID`),
  CONSTRAINT `FK_PointRecord_OrderlID` FOREIGN KEY (`OrderID`) REFERENCES `Order` (`OrderID`)
) ENGINE=InnoDB AUTO_INCREMENT=13 DEFAULT CHARSET=utf8mb4 COLLATE=utf8mb4_0900_ai_ci;
/*!40101 SET character_set_client = @saved_cs_client */;

--
-- Dumping data for table `PointRecord`
--

LOCK TABLES `PointRecord` WRITE;
/*!40000 ALTER TABLE `PointRecord` DISABLE KEYS */;
INSERT INTO `PointRecord` VALUES (4,1,9),(5,2,5),(6,3,9),(7,4,20),(8,5,120),(9,6,23),(10,8,10),(11,9,10),(12,10,10);
/*!40000 ALTER TABLE `PointRecord` ENABLE KEYS */;
UNLOCK TABLES;

--
-- Table structure for table `Product`
--

DROP TABLE IF EXISTS `Product`;
/*!40101 SET @saved_cs_client     = @@character_set_client */;
/*!50503 SET character_set_client = utf8mb4 */;
CREATE TABLE `Product` (
  `ProductID` int NOT NULL AUTO_INCREMENT,
  `ProductName` varchar(45) NOT NULL,
  `ProductPrice` int NOT NULL,
  `ProductText` mediumtext NOT NULL,
  `Location` varchar(45) NOT NULL,
  `ProductStatus` tinyint(1) NOT NULL DEFAULT '1',
  `ProductNumber` varchar(45) DEFAULT NULL,
  `ProductType` varchar(45) NOT NULL,
  `ProductSecondType` varchar(45) NOT NULL,
  `ProductPurchased` int NOT NULL DEFAULT '0',
  `ProductScoredPeople` int NOT NULL DEFAULT '0',
  PRIMARY KEY (`ProductID`)
) ENGINE=InnoDB AUTO_INCREMENT=4047 DEFAULT CHARSET=utf8mb4 COLLATE=utf8mb4_0900_ai_ci;
/*!40101 SET character_set_client = @saved_cs_client */;

--
-- Dumping data for table `Product`
--

LOCK TABLES `Product` WRITE;
/*!40000 ALTER TABLE `Product` DISABLE KEYS */;
INSERT INTO `Product` VALUES (101,' 森林之歌音樂盒手做體驗',300,'森林之歌原為農山大學之保育林，2012年起將木作工藝融入生活美學，透過木作將原木以不同的風貌展現，在生活中感受自然的愉悅與幸福。，打造具有啟發、教育及體驗意義的遊戲空間，觸動感官重拾最初的感動，同時傳達對大自然的感謝。木製音樂盒可永久保存，適合送人也適合自己收藏，快來動手做一個獨一無二的音樂盒吧!','南投',1,'ME101','experience','手作體驗',2600,1560),(102,' Home Box工業風手作燈具DIY',990,'Home Box 位於誠品生活松菸店 5 樓，提供好玩有紀念價值的 燈具DIY 手作體驗，利用手作的溫度並加上簡單的步驟，以及現場細心專業的教學，打造客製化的一盞燈，還可雷射雕刻上專屬於您的圖案或文字，現場還有各式造型的愛因斯坦鎢絲燈泡及 LED 魔幻燈泡、讓每位來體驗的朋友都可以製作出專屬於自己的紀念。','台北',1,'ME102','experience','手作體驗',600,360),(103,'清水斷崖獨木舟',1700,'清水斷崖自蘇花公路和平至崇德之間，綿延 21 公里 。其中以清水大斷崖最為聞名，絕壁臨海5公里，為太魯閣國家公園蘇花段最值得駐足的景點，亦為台灣十景之一。過去只能車行斷崖汪洋一線間，今天你可以真正的徜徉在太平洋上，享受壯闊海中天之景色。專業教練會在沙灘上先進行教學及安全說明，再讓學員們獨當一面滑獨木舟，從海上看清水斷崖更能感受到斷崖的雄壯與險美，這將是你一生難得的體驗。','花蓮',1,'ME103','experience','水上活動',2000,1200),(104,'日月潭包船遊湖',500,'用最親民的價格體驗VIP的遊艇包船服務，與親朋好友一同留下不一樣的回憶。不必與不熟悉的人擠一艘船，在疫情期間更為安全，快來體驗船長的專屬服務!','南投',1,'ME104','experience','水上活動',1000,600),(105,'獨角仙農場標本製作',700,'獨角仙農場佔地寬敞，入園就能在大草原裡奔跑，是小朋友的快樂天地。園區內還有七彩糖果屋和充滿愛意的LOVE造景，也是來訪必拍取景地。昆蟲館內有多種昆蟲標本，隨著專業導覽老師的介紹，一起近距離觀察，並認識更多稀奇古怪的昆蟲，當天還可以製作獨角仙標本，非常好玩又有趣唷!','嘉義',1,'ME105','experience','觀光農場',1700,1020),(106,'走馬看花農場餵小馬吃飽飽',150,'走馬看花農場早期以種草起家，早期以自紐西蘭引進的盤固拉牧草而聞名，後期逐漸轉型升級為觀光休閒農場，並且為第一批獲頒合法風景遊樂區標章，連續20年獲選為特優考核農場。 本農場主要馬場佔地20公頃，提供馬兒廣闊草地奔跑，亦提供民眾餵馬，享受與馬兒近距離接觸之樂趣，目前由台南市農會於1988年起開始接手經營，是全國第一個休閒農業主題遊樂園。','台南',1,'ME106','experience','觀光農場',2800,1680),(107,'滑石俱樂部運河衝浪',1200,'曾想過在市區的河道上就可以享受衝浪的樂趣嗎?現在就讓滑石俱樂部完成你的夢想!!在台北市大運河衝浪，可以近距離觀賞兩岸的生態風光，享受都市中遠離塵囂的河濱公園。除了教練陸上、水上指導，更有救生艇鄰近監察，保障你的活動安全。','台北',1,'ME107','experience','極限運動',3000,1800),(108,'象鼻岩隧道探險',1500,'象鼻隧道的位置是位在和平古隧道通往清水斷崖的海岸峭壁上，就是俗稱的舊蘇花公路（已荒廢許久）舊蘇花公路的開路工程極為險峻，後因清水斷崖地質不穩，因此新開闢完成的蘇花公路便取代了它，而完工通車後的新蘇花公路也讓這條往來宜蘭蘇澳與花蓮之間的舊蘇花公路從此走入了歷史，目前僅剩外型酷似大象鼻子的岩石矗立在危崖峭壁上。近幾年來攀登象鼻隧道海岸峭壁也成為了時下無數喜愛冒險及訪古尋幽的人前來朝聖的花蓮山海秘境景點之一。','花蓮',1,'ME108','experience','極限運動',500,300),(109,'埔里滑翔傘飛行體驗',2899,'在教練指示下，試著跑幾步準備起飛，數秒後你就可以像小鳥般飛來飛去，教練在身後控制高低左右，可以很輕鬆地欣賞眼前的風景，享受自由飛翔的感覺，如果你藝高人膽大，教練會幫你安排「空中雲霄飛車」，以大幅度的回旋下降，強大的離心力一定讓你尖叫不止。- 報到地點：埔里虎頭山（虎頭山滑翔傘體驗中心）- 報到時間：10:00 起可開始報到，先到先飛，不分場次。- 飛行傘體驗流程：指定地點報到 → 辦理活動保險 → 裝備穿著 → 起飛前教練再次確認裝備及說明起降時注意事項 → 飛行 → 降落及卸下裝備 → 持手機至服務台領取影片及照片 → 飛行體驗結束','南投',1,'ME109','experience','極限運動',1700,1020),(201,'欣賞台南生態水之美',200,'一早，先去雙春濱海遊憩區是位在台南北門的生態遊憩場所，園區內規劃紅樹林觀察區，網羅台灣珍貴的4種原生紅樹林：海茄苳、水筆仔、欖李、紅海欖（亦稱五梨跤），適合帶著孩子一同前往，認識台灣特有生態。下午，觀賞白水湖，是東石鄉著名的鹽田之一，雖然名為「湖」，事實上該地卻沒有淡水湖泊，白水湖的名稱來自舊時鹽埕的地域形勢，當初由日本人和台南人合夥經營的鹽埕「掌興公司」，曾經在此區建築海堤，但蓋了多年海堤卻沒建設完善，經常性的颱風一來，海堤外岸便崩壞、海水倒灌，鹽田上呈現一片白波，「白水湖」因而由此而來 。晚上，去北門潟湖，北門區之生態環境屬於潟湖生態，蘊含著豐富之魚、蝦、貝類及紅樹林景觀，常見許多鷺鳥、水鳥，彈塗魚和各種螃蟹，具有潟湖觀光生態旅遊之魅力。','台南',1,'ME201','sightseeing','家庭行程',1200,720),(202,'在台南與大自然擁抱',300,'一早，去二寮觀日出，攝影界流傳著日出三大聖地：北格頭、中五城、南二寮，其共通點是擁有壯美的低海拔雲海，二寮日出更是全臺灣海拔最低的觀日出勝地，被譽為「最接近城市的曙光」。中午，去北門提溴塔，戰時軍火製造工廠溴素是重要的化工原料，廣泛用在阻燃劑、滅火劑、製冷劑、醫藥、農藥、化學肥料等用途。戰時，日本殖民帝國因軍事戰機燃料中的爆發劑之所需，乃由鹽田濃海水或滷水中提煉，由於生產原料來自鹽場生產的滷水，因此這種類似的軍火原料製造工廠，興建地點皆在鹽場附近。1939年，日本曹達、日本鹽業、臺灣拓殖三個會社於高雄市合組「南日本化學工業株式會社」，在臺南市安平設安平工廠，在布袋、北門等地設分工廠，其中北門溴磚塔就是其中之ㄧ。下午，去虎頭山，在山頂周邊更增建了好幾家格調高雅頗具人文氣息的優美景觀庭園餐廳，除了觀賞雲霧繚繞的山下遼闊景觀之外，還可邊聆聽優美音樂，品嘗咖啡、道地玉井芒果冰品及特製芒果餐點。','台南',1,'ME202','sightseeing','家庭行程',500,300),(203,'金門二日遊',2500,'第一天先搭船到達金門，第一天首先參觀金門必遊行程-金門高粱酒廠，金門酒廠擁有五十年的悠久歷史，產出的高梁久負盛名。現在金門酒廠不須預約即可免費參觀，廠區內有禮品店可以讓客人購買伴手禮、紀念品等等，下午可以自由參觀各地景點，晚上欣賞金門大橋的美麗風景。第二天早上到達烈嶼，享受刺激的立槳體驗，穿越海洋、古鹽埕感受戰地叢林，舊時荒廢戰壕以及古水道的歷史厚重感。','金門',1,'ME203','sightseeing','朋友行程',1000,600),(401,'奇美博物館門票',300,'前往台南最受歡迎的地標景點「奇美博物館」，飽覽館藏的4000多件文化瑰寶，盡情徜徉在中西方藝術氛圍中。漫步博物館廣場，欣賞由四匹神態各異的馬匹拉著的阿波羅戰車，搭配阿波羅噴泉的壯觀水舞秀，完美呈現太陽神從海面飛躍的磅礴之景。經過十二位神祇的眾神之橋，這個充滿古希臘風情的大型博物館將映入眼簾，走入博物館園區內，將被豐富的館藏藝術品所震撼，從西元前八世紀的埃及文物、世界頂級的珍貴名琴樂器，到數百年前日本武士刀、文藝復興與巴比松等畫派的經典之作，這些來自世界各地玲瑯滿目的藝術精品，絕對讓你沉迷於此無法自拔。台南奇美博物館帶你領略全世界的文化精髓，台南旅遊不可或缺的景點行程之一！','台南',1,'ME301','viewpointticket','博物館',1900,1140),(402,'故宮博物院門票',150,'國立故宮博物院院內大致可分為青銅器、書畫、陶瓷器、圖書典籍、工藝品和宮廷類文物等。青銅器著名的有毛公鼎、散式盤、宗周鐘；書畫三大名作有郭熙《早春圖》、范寬《溪山行旅圖》、蘇軾《寒食帖》；圖書典籍著名有文淵閣《四庫全書》、摛藻堂《四庫全書薈要》等。工藝品是故宮最大特色，包括必看的明星展品翠玉白菜、肉形石，共有約上萬件玉器，還有漆器、玻璃、金銀器和筆墨紙硯等。','台北',1,'ME302','viewpointticket','博物館',2000,1200),(403,'六福村門票',650,'由「 美國大西部 」、「 南太平洋 」、「 阿拉伯皇宮 」以及「 非洲部落 」等四大異國主題村所建構成，加上 2012 年推出「六福水樂園」，高達75公頃的廣闊遊樂場域，除了擁有 30 項以上廣受年輕人喜愛的驚險刺激遊樂設施以及適合親子同遊的野生動物園外，還有定時演出的音樂水舞秀、媲美迪士尼的大型花車遊行等各項精彩歌舞表演，期望能帶給消費者更多身心靈上的感動與滿足。','新竹',1,'ME303','viewpointticket','主題樂園',600,360),(1010,'市民抱石攀岩館體驗課程',500,'- 隱身都市叢林，讓抱石成為你的新抒發，將工作紛紛擾擾都拋開- 不限時間爬到爽，一小時教練帶你爬之後，還可以不限時間自由使用場館- 適合對攀岩有興趣想快速、無痛入門的新手- 抱石為攀岩的其中一個項目，是一種獨特的全身性的運動。動作變化多端，隨著岩點的各種排列組合，身體的各條肌肉都有可能運動到，對於全身的協調能力要求非常高，抱石同時能夠訓練柔軟度，平衡感，自信心及專注力- 地址：台北市南港區市民大道八段552號2樓','台北',1,'ME1010','experience','極限運動',3000,1800),(1011,'飛牛牧場門票+鮮乳冰淇淋',339,'- 飛牛牧場位於苗栗縣通霄鎮，東倚火炎山脈，西面台灣海峽，蘊藏豐富的自然資源，擁有多樣生態性- 一望無際的丘陵中，牛隻、羊群漫步草原間，白牆紅瓦的農舍座落在青青草地上，勾勒出迷人的牧野風情- 走遍乳牛牧場區、牧場生態區、牧草培育區、有機蔬果區及森林保育區- 與飼養乳牛、巴貝多黑肚綿羊、黑山羊、迷你馬及水禽、家畜等可愛動物相見歡- 地址：苗栗縣通霄鎮南和里166號','苗栗',1,'ME1011','experience','觀光農場',2600,1560),(1012,'野餐趣in橙香森林',1200,'橙香森林不只可以摘採美味橘子以及拍出美麗的照片，更為您打造套裝行程的專屬秘密基地_橙香樹下野餐搭配知性療癒手作課程，給您與最愛的親友們一個特別又難忘的回憶！橙香森林地址：苗栗縣頭屋鄉明德村明德路6號橙香野餐趣活動內容：09:30~10:30 部落輕食野餐10:30~12:30 手作橘子果醬12:30~13:00 領取伴手禮/來店禮＊下午時間可於園區內自由活動','苗栗',1,'ME1012','experience','觀光農場',2600,1560),(1013,'秀姑巒溪泛舟體驗',550,'工作了一段時間之後，就希望能到大自然裡面放鬆身心，相比之下安全係數更高的輕挑戰更能讓人釋放壓力。像原始人一樣駕一葉小舟，時而徜徉於平川、時而飛越激流，驚險刺激的泛舟是放鬆自己的不錯選擇。台灣秀姑巒溪的美無需贅述，此地泛舟之頻繁，無論是教練還是裝備的專業性也相當值得信賴，乘坐最先進的小舟，便可無後顧之憂地盡情放肆了。＊自動排水─頂級舟：基本船型，有排水孔及船底氣墊，但因無擋浪面的設計且船較為笨重，相較另兩種手划艇較為勞累＊頂級─急流之星：為自動排水舟之升級版，翻船時不會完全覆蓋。操舟輕鬆,容易過浪，船身較穩。具有11個獨立氣室， 即使其中一個漏氣，其他氣室依然發揮承載功能，讓水上行進更安全＊頂級─向上之星：船身頭尾設計雙翹安全尖，如船身正面撞擊石璧時，可以保護前、後的旅客，翻船不會蓋住人，船 身貼水 1/2 使泛舟行進中能更加刺激，船底的特殊排水槽設計，使舟艇更能輕鬆前進，安全挑戰泛舟激流地點：秀姑巒溪泛舟中心（花蓮縣瑞穗鎮中山路三段216號）','花蓮',1,'ME1013','experience','水上活動',600,360),(1014,'日月潭 SUP立式划槳體驗',690,'划著槳隨著船尾浪飄蕩緩緩地前進，欣賞生態風景，從遠距離到近距離地去看日月潭，用不同的角度更深入地探索日月潭，都能體驗前所未有的感受，別有一番趣味。你可以獨享遼闊美景，享受自然運動樂趣兼具的讚嘆旅程。日月潭SUP立式划槳帶給你挑戰性，即使不會游泳、不會衝浪也能簡單上手，或立或坐、要躺要趴都隨心所欲，不論單人多人都有趣味，柳暗花明又一村的幽靜湖光山色， 正適合親子、情侶或三五好友一起同遊，沉浸於大自然的環抱裡，清澈的水質與愜意之感，令人回味不已。地點：南投縣魚池鄉中山路629-1號','南投',1,'ME1014','experience','水上活動',1400,840),(1015,'土耳其馬賽克燈手作體驗',980,'- 土耳其馬賽克燈DIY優惠價TWD980起，透過實作體驗認識土耳其傳統文化- 土耳其馬賽克燈藝坊位於交通便利的台北車站，距離捷運台北車站出口步行2分鐘- 可充分發揮創意，並可製作獨一無二的燈款造型- 提供中文、英文教學，專業土耳其講師帶領你體驗異國手作樂趣- 工作室內有各式不同燈款，佈置牆可以盡情拍照地點：台北市中正區忠孝西路1段41號4樓之7-8','台北',1,'ME1015','experience','手作體驗',1900,1140),(1016,'一日調香師/香氛DIY體驗活動',2100,'香間小路規劃了一整套「有得吃、有得喝、有得學、又有得玩」的香氛體驗課程，讓大家可以挑選自己喜歡的精油，並調配出專屬的香水，每個參加的人都能獲得一瓶自己親手調製的香水，另外調香體驗結束後，也可以免費享用我們的手沖咖啡或是特調飲料，非常適合親子同樂或是朋友、情侶共同體驗！地點：高雄市左營區富民路13巷16號','高雄',1,'ME1016','experience','手作體驗',1400,840),(1017,'飛行傘體驗',1200,'分為上午/下午兩場次。至指定地點集合，搭乘遊覽車至跳傘地點。自山頂一躍而下，體驗在天空無拘無束自由飛行的感受。全程有教練陪同，不須有相關經驗。','花蓮',1,'ME1017','experience','極限運動',1600,960),(1018,'高空彈跳',1000,'你正在追求刺激嗎？沒有甚麼比高空彈跳更刺激的體驗了，趕快來報名吧！　每周場次有限，請先提早１～２週確認場次時間。本機構安全性通過政府合格！擁有強大且專業的教練陣容！給你１００％的安全性保障！','新北',1,'ME1018','experience','極限運動',400,240),(1019,'木匠兄妹木工房',400,'秉持寓教於樂的精神，木匠兄妹希望透過手作創造自己的木製品，在過程中可以發揮創意，為作品增添個人風格。同時透過DIY帶動親子、朋友與情人之間的互動與情感聯繫！使得這夕陽產業得已翻轉，也讓傳統木工技法得已延續，更讓木頭的天然之美豐富我們的生活，並能感受到木製的溫潤觸感。','台中',1,'ME1019','experience','手作體驗',3200,1920),(1020,'蠟筆手作城堡',300,'位在宜蘭縣蘇澳鎮，是非常適合親子同樂的宜蘭親子景點，全室內的設施讓你就算下雨天也能盡情玩樂。蠟筆工廠目前提供四項手作DIY及八層樓高的彩虹溜滑梯可以加價體驗，門票還可折抵部份館內消費，是很適合安排半日遊的宜蘭室內景點推薦。','宜蘭',1,'ME1020','experience','手作體驗',2100,1260),(1021,'烏石港衝浪體驗',800,'想要學習衝浪嗎？快來烏石港衝浪體驗營！我們擁有多年教學經驗的資深教師，從頭開始手把手教導您！','宜蘭',1,'ME1021','experience','水上活動',900,540),(1022,'龍洞潛水體驗班',500,'在此遊玩一日，你會發現，這片海洋其實離你這麼近。炎炎夏日想帶全家大小親近海洋、消暑玩樂，這裡再適合不過了！園內的海洋戲水區及兒童水世界是直接抽取海水，是愛好玩水者和小朋友的天堂，可以在此戲水游泳、獨木舟及潛水，而清澈的海灣內有近百種魚類，可趁此機會和魚兒近距離接觸，徜徉於大海的溫柔懷抱','新北',1,'ME1022','experience','水上活動',2900,1740),(1023,'蜜蜂生態農場',300,'農場內有多項主題展館、蜜蜂生態導覽館，是學生戶外教學的好去處，且設置烘培館製作多項美味的蜂蜜糕點，還有許多ＤＩＹ的體驗項目。此外，還有一條特別打造的百萬蜜蜂隧道，讓民眾可以與一百六十萬隻的蜜蜂親密接觸，是農場中最具有特色的設施。','新竹',1,'ME1023','experience','觀光農場',2500,1500),(1024,'綠世界生態農場',300,'綠世界生態農場，佔地七十多公頃，為一國際級之生態農場。 綠世界有六大主題公園：1、天鵝湖2、大探奇區3、水生植物公園4、鳥類生態公園5、蝴蝶生態公園6、生物多樣性探索區以動植物的自然生態，結合休閒育樂的大規模生態農場。除了六大主題公園，還規劃出金剛鸚鵡區、可愛動物區、景觀廁所、美食天地、動物劇場、綠野廣場、亞馬遜雨林區、客家古厝等共47個觀賞區','彰化',1,'ME1024','experience','觀光農場',1700,1020),(1025,'陶瓷DIY體驗活動',300,'位於環島南路旁的金門縣陶瓷廠，成立於西元1963年，是台灣目前唯一的官窯，取高級瓷土為原料，加上藝師彩繪的功夫，造就出金門陶瓷的典範。金門縣陶瓷廠產製的瓷器主要用來盛裝遠近馳名的金門高粱酒，是國內外愛酒人士爭相收藏的精品，又引進多項技法，其中以繪有花鳥山水的青瓷及作工繁複的素色釉令人驚艷；廠中設有陶瓷博物館展出各式陶瓷，珍藏數百件陶瓷珍品，亦有提供產品販售，至陶瓷廠別忘了參觀選購。遊客可以預約參觀酒瓶製作，深入了解陶瓷從製模、注漿、修坯、素燒、施釉、釉燒、貼花、窯燒等工序後，再經過彩繪，成為獨一無二的作品，更可體驗手拉坯、彩繪、捏陶、貼花等DIY活動，親身感受玩陶的樂趣。','金門',1,'ME1025','experience','手作體驗',2000,1200),(1026,'手工香皂DIY體驗活動',400,'苗栗銅鑼一帶遍植樟樹，早年樟腦廠多達上百家，如今東華樟腦廠可是臺灣唯一僅存的樟腦煉製廠。樟腦廠創立於西元1937年，至今已七十幾年，目前是第三代老闆在經營。廠中至今仍保存著當時臺灣總督府所發由檜木製成的腦丁執照，可說是鎮廠之寶。 才到門口就可以聞到濃郁的樟腦香氣，店裡的產品十分豐富，原本東華僅生產樟腦油、香茅油等精油產品，由第三代老闆接手後，致力於開發新產品，甚至到靜宜大學化妝品研究班進修，發揮創意研發出200種商品，從手工皂、洗髮精、沐浴乳等用品，應有盡有，小小店舖中，產品可是多到讓人眼花瞭亂。近年老樟腦廠更結合新創意，不但為遊客提供導覽解說樟腦製作，還能讓小朋友親手做香皂DIY，讓大家到此都能留下知性的美好回憶。','苗栗',1,'ME1026','experience','手作體驗',1000,600),(1027,'水上摩托車活動',500,'後壁湖位於恆春鎮大光里，原來僅是一處小漁村，因為臨近太平洋及巴士海峽一帶的漁場，附近海域又有寒、暖流交會，漁業資源相當豐富，加上港區遼闊、航道水深，遂逐漸發展成墾丁國家公園內最大的漁港，是一處漁業與觀光資源兼備的港口。後壁湖附近海域的魚類很多，每年的四月到七月期間，是鬼頭刀、飛魚、雨傘旗魚的盛產季節，從十月到隔年的三月左右，則以白皮劍旗魚及黑皮劍旗魚的漁獲量最高。恆春當地市場所需要的新鮮漁貨幾乎都是由後壁湖漁港所提供的，而在漁港內，也經常可以看見當地居民與遊客爭選新鮮海產的熱鬧景象。為了帶動後壁湖的觀光發展，漁港內另外闢建遊艇碼頭及停泊地，並開放娛樂漁船、水上摩托車、遊艇、帆船、拖曳傘、香蕉船、觀光半潛艇等多項遊憩設施，使遊客能夠享受刺激有趣的水上活動。','屏東',1,'ME1027','experience','水上活動',800,480),(1028,'Weeee樂園饗宴',600,'Weeee樂園位於苗栗縣造橋鄉，佔地50餘 公頃，是個結合水上樂園、客家文化村，大型遊樂設施之大型綜合樂園。早在明代，客家人就陸續移居台灣，三百多年來，在台灣的全部人口中，客家人佔了五分之一，主要分布在桃、竹、苗及高、屏等縣，其中客家人口比例最高的地方就是苗栗縣。客家文化村內包含了各式特產店、複合式餐飲店、展覽館等，增加了遊樂區的多樣性，露營、野炊、烤肉，是青少年、社團、學校團體辦活動的好地方，在晚上更能欣賞到Weeee樂園漂亮夜景。 Weeee樂園在景觀上，有浪漫的歐式花園、噴水池、可容納一千人用餐的豪華歐式餐廳；讓小孩子盡情玩樂的兒童樂園；供人膜拜的觀音佛像；深具特色的客家庄，其建築為典型的四合院式，內部陳列客家文物供遊客觀賞；栩栩如生的名人、神話人物雕像；有益健康的芬多精步道等，是一個展現大自然風采淋漓盡致的地方，適合全家旅遊渡假。 此外，遊樂區提供多樣性服務，露營、野炊、烤肉，是青少年、社團、學校團體辦活動的好地方。','苗栗',1,'ME1028','experience','水上活動',1000,600),(1029,'Weeee休閒農場',700,'Weeee農場是高雄市唯一位於市區的休閒農場，擁有獨一無二遼闊視野的觀機坪，南洋風格的園藝造景，小橋瀑布造景出來的潺潺流水聲，花叢路徑總是讓您充滿驚喜；絢麗的折衷鸚鵡，雄赳赳氣昂昂的鞭苔鵎鵼，喜歡與人親近的可愛草泥馬，更多淨園農場的祕密等你來發掘！\",市區內的休閒農場，獨一無二遼闊視野的觀機坪，南洋風格的園藝造景，小橋瀑布造景出來的潺潺流水聲，花叢路徑總是充滿驚喜。','高雄',1,'ME1029','experience','觀光農場',2400,1440),(1030,'美景、美食、鄉村體驗',800,'這小小的漁村，右方有台灣海峽眺望小琉球，左邊是遼闊的大鵬灣潟湖。當地居民，原來都是以大鵬灣周圍的養殖與捕撈維生，大鵬灣國家風景區成立後，大部分年輕人為謀生，都跟其他鄉下地方一樣，陸續外移到都會城市。  這是周大觀從小快樂閱讀的故鄉，為永續故鄉閱讀的快樂時光，我們創辦全球第一個走讀驛站;周大觀讀出希望中心，實踐：讀書、奉茶、義借單車、國際公益換宿。 誠邀大家永續捐贈書籍，讓更多偏鄉孩子、國際背包客，大家一起愛書、讀書、分享、交流。  大鵬灣新亮點;周大觀讀出希望中心，歡迎國內外各界人士走讀:品一杯愛心茶、讀一本心愛的書。也歡迎全球背包客，與書共眠，以書會友，閱讀交流，共成美好。 誠邀各界永續共襄盛舉：中英繪本、親子童書、心靈勵志、科普自然、哲學人文、生活教養等書送偏鄉。  歡迎全球背包客，親送該國5本繪本圖書,閱讀交流．公益換宿。  總之，大家不分彼此，愛書聯合國，大家每天讀書、讀心、讀世界。','屏東',1,'ME1030','experience','觀光農場',3000,1800),(1031,'飛行傘翱翔天際',900,'武陵綠色隧道位在台九線武陵段，全長約4.5公里。沿路兩旁的樟樹、小葉欖仁和木麻黃林蔭遮蔽，偶爾抬頭可見天空有著繽紛的飛行傘翱翔，是相當迷人的綠色隧道，每逢雙數的週六便會舉辦2626市集，成為許多人前往拜訪、逛市集的好地方。來到武陵綠色隧道，看著陽光灑落樹葉間，徐徐涼風吹拂，再加上來往的車輛少，最適合躺在林蔭遮蔽的馬路上或騎鐵馬，感受有別於都市忙碌生活的慢步調。除此之外，道路兩旁有著許多特色店家，而在雙數的週六下午2點到晚上6點舉辦的2626市集，販售各種農特產、小點或文創手作品，時常吸引旅客目光，是武陵綠色隧道最有特色的活動。','花蓮',1,'ME1031','experience','極限運動',2700,1620),(1032,'刺激攀岩等你來挑戰',1100,'在東北角看多了奇岩怪石、海岸峭壁，還可換換另外一種玩法，挑戰自我！ 從看見岩縫中的固定點，就是挑戰之旅的開始，這裡的海岸岩壁由四稜砂岩構成，為五千萬年前華南古陸塊近海所沉積，除了是地質學家的研究天堂外，其堅硬緊實的岩性更是眾多國內外攀岩好手朝聖之地。幾近垂直的巨岩壁崖擁有渾然天成的壯觀氣勢，鮮明錯綜的節理紋路襯著一片大海無垠，這些平常用「看」、用「拍」的綺麗風景，攀岩愛好者們選擇用「親身」體驗來全力感受。這片全台灣最大最棒的天然岩場，等你來探險！ 【小提醒】 東北季風盛行期間(10月~3月)，易有長浪發生，為維護安全，請勿前往海邊進行相關遊憩，造成不便，敬請見諒。','新北',1,'ME1032','experience','極限運動',1500,900),(1033,'皮革製品手作體驗',1200,'希望能多推廣皮革製品，同時也能讓大家知道皮革製品的好，讓大家製作看看','台南',1,'ME1033','experience','手作體驗',2300,1380),(1034,'陶碗手作體驗',280,'手捏陶 DIY 課程手工陶須徒手將陶土捏成形狀，塑形後再自然風乾、上釉、窯燒，這種方式成形的作品質地自然粗獷，每件作品都是單一創作，適合初學者。','新北',1,'ME1034','experience','手作體驗',1000,600),(1035,'八里樂福卡丁車體驗',450,'樂福卡丁車位於台北近郊，64號省道附近，交通便利，讓你享受腎上腺素在血液中瘋狂流動的賽車體驗！車型採用義大利進口品牌，馬力強勁，操作簡單，高速過彎時，享受2 - 3倍的橫向加速，有如一級方程式賽車的速度與刺激！與家人朋友相約挑戰，在樂福卡丁賽車場400公尺的跑道上狂飆，拋開繁忙緊張的都市生活，盡情享受風馳電掣般的速度快感！','新北',1,'ME1035','experience','極限運動',2700,1620),(1036,'小琉球卡丁車體驗',225,'活動亮點高難度髮夾彎、U型彎，挑戰你的駕駛技巧小琉球唯一佔地千坪賽車場，全區面海，可盡情欣賞絕佳海景與夕陽美景單人快車最高時速達60多公里，感受類F1小型賽車的急速刺激感雙人親子車最高時速達45公里，讓小朋友也能開心享受駕車速度感','屏東',1,'ME1036','experience','極限運動',2000,1200),(1037,'外澳衝浪體驗',500,'前進北台灣知名衝浪勝地，初學者也適合的宜蘭外澳雙獅海灘專業教練完整2小時衝浪指導，帶你體驗衝浪樂趣邊衝浪邊遠眺龜山島美景，探索廣闊的海洋王國藉由衝浪訓練全身肌肉，讓你不知不覺擁有勻稱的好身材','宜蘭',1,'ME1037','experience','水上活動',2600,1560),(1038,'清水斷崖獨木舟體驗',550,'花蓮清水斷崖獨木舟體驗下殺7折，新手也能輕鬆上手，飽覽清水斷崖日出美景！專業教練會在岸上進行教學，再帶你破浪出海，探訪開車到不了的私房景點海平面上感受磅礴的斷崖山勢，不同時段出發各有其不同特色','花蓮',1,'ME1038','experience','水上活動',2300,1380),(1039,'陽明山福田園休閒農場',350,'咖啡廳、溪水、盪鞦韆、戲沙池、繩索吊橋，多處景點任你遊優美植栽、楓樹景觀，生態園區有許多藍染植物大菁、香草、紅楓、繡球花、櫻花，自然景觀豐富','台北',1,'ME1039','experience','觀光農場',2000,1200),(1040,'屏東阿信巧克力農場',500,'與孩子們一起同樂，來阿信體驗大自然的奧秘阿信巧克力農場帶你和孩子探索可可森林，製作香草精油防蚊液，彩繪屬於自己風格的一盒田，快來體驗DIY活動 !全台唯一秘境探險，帶你親密接觸梅花鹿的夜行旅程，在墾丁的星空下尋找叢林裡的小眼睛在墾丁除了玩水當然還要玩點不一樣的，在大自然遊樂園裡，發現更多你不知道的事！','屏東',1,'ME1040','experience','觀光農場',2500,1500),(1041,'秘境林道越野騎乘體驗',1300,'專業的教學與容易駕駛的越野車，新手也能輕鬆操控！享受馳騁在自然林道裡的奔放感和親朋好友一起享受令人難忘的體驗','花蓮',1,'ME1041','experience','極限運動',1500,900),(1042,'室內滑雪',2000,'最全面的教學場地，最專業的教練團隊，小班制精緻教學，不用人擠人！','新北',1,'ME1042','experience','極限運動',2200,1320),(2015,'墾丁三天兩夜豪華度假旅程',12000,'每天上班累了嗎?來墾丁享受陽光、沙灘、體驗美麗的南國風景!此行程內容包含來回車票/遊覽車接送，豪華雙人床飯店房間、附贈早餐等等。','屏東',1,'ME2015','sightseeing','情侶行程',1400,840),(2019,'蔚藍海岸之旅',300,'位於台2線39公里處，為北海岸的衝浪專區。夏日炎炎，總是吸引許多衝浪好手前來此地進行衝浪活動，在廣闊的海水上享受馳騁海水的快感。  這裡除了可進行衝浪活動之外，還可以遠眺金山八景之一：「燭臺雙嶼」，海天一線的優美景致，總讓人能夠拋開煩憂忙碌，盡情沉浸在蔚藍海岸中。燭臺雙嶼可說是金山的代表景點，又稱為「夫妻石」，位於金山岬東側海面上，形狀有如兩個燭臺並列，其成因乃因地盤上升，由隆起的珊瑚礁岩所形成之海蝕岩柱，十分特別有趣。  從中角至永興漁港間，更整建有海濱公路停車場與賞景步道，讓遊客便於停車駐足沿線賞景，也可走走步道，眺望對面基隆嶼、野柳海岬及獅頭山燭臺雙嶼的地質美景。','新北',1,'ME2019','sightseeing','家庭行程',3000,1800),(2020,'海岸夕陽之旅',400,'位於通霄西北端的白沙屯是一個靠海的寧靜小村莊。平日偶有旅客會搭乘海線火車前來，純粹為了看海，感受另一番寧靜漁村風情。白沙屯海灘離火車站不遠，穿越天橋後再走一段田邊小路，約10分鐘左右即可抵達。爬上以甕牆裝飾的堤防，湛藍的大海恣意地在眼前展開，長達數公里海岸線，佇立著巨大的白色風力發電機，迎風飛揚，令觀者心曠神怡。寧靜的白沙屯海邊沒有一般海灘的喧鬧人潮，而此處細緻的白色沙灘，是民眾踏浪、散步的好地方，讓自己沈浸在這一刻的悠適之中，可以細細漫游品味。','苗栗',1,'ME2020','sightseeing','家庭行程',2700,1620),(2021,'歡樂休閒農場',500,'三灣梨鄉是苗栗縣第10 個核准成立的休閒農業區，顧名思義區內最重要的農特產就是著名的三灣梨，還有柑橘、茶油、茶葉、茶花等特產，整個休閒農業區充滿著客家農村的迷人風情。 本區位於永和山水庫南側的丘陵地形，大抵以永和村和北埔村為中心，具豐富休閒農業遊憩資源，周邊視野遼闊，擁有秀麗宜人自然景觀。來到這裡可以慢遊的心情深入體驗，享受全家一起採果、觀察農村鄉間的生態、騎著自行車悠遊欣賞田野風光，或者沿著登山步道，走入山林享受芬多精的洗禮。此外，區內農場還可進行食農教育、農事體驗DIY 等知性活動，展現樂活農村的氣息氛圍。','苗栗',1,'ME2021','sightseeing','朋友行程',2100,1260),(2022,'芬多精之旅',600,'仁壽社區是森林鐵路中途站的交力坪、水社寮以及福建坪三個聚落共同組成，交力坪老驛頭早年曾是山區物資轉運的集散處，鄰近的水社寮車站更是林務局重要的森林生態教育基地。水社寮現有五家民宿，遊客可以選擇搭乘阿里山小火車至交力坪站或水社寮站或者自行開車經由瑞水公路至當地的方式，但山區旅遊可能須有較健全之體力，無論是四大天王山步道、塘湖古道或者計畫透過社區營造來整修的水水步道、大蕉嶺步道等均係陡峭的登山步道。 不過當地不但風光優美，兼且有蝙蝠生態教育館及籌劃中的森林生態教育園區外，交力坪及水社寮兩個森林鐵路老驛頭更可引人無限思古幽情。水社寮是阿里山森林小火車中途站之一其所在位置偏僻，目前仍然保存著原始自然景觀。','嘉義',1,'ME2022','sightseeing','朋友行程',1800,1080),(2023,'遠眺馬祖之雲臺山之情侶之旅',700,'標高248公尺、僅次於北竿壁山(標高294公尺)的雲臺山，除了是南竿第一高峰，更是登高遠眺馬祖列島與大陸山河的最佳景點，目前已被列為臺灣小百岳之一。為了了解馬祖的戰略情勢與對岸的軍事動態，馬祖防衛司令部(簡稱「馬防部」)於1996年特別在雲臺山上興建軍情館，藉以強化官兵敵情教育。不過，2009年考量兼顧馬祖地區的觀光發展，軍情館內陳列資料已經遷移，馬防部並同意馬祖國家風景區管理處整修軍情館，於隔年11月7日開放遊客參訪。初春至夏初雨季與霧季之時，四周山嵐環繞，呈現隱約之美；氣候晴朗時，大陸北茭半島清晰可見。夜晚的雲臺山更是美麗，情侶們可以在這俯瞰南竿夜間燈火，好不浪漫。','連江',1,'ME2023','sightseeing','情侶行程',2900,1740),(2024,'南方澳情侶之行',800,'從南方澳人口中「內埤仔」內埤漁港，往港旁高起的學府路往內走去，豁然在眼前出現一灣海岸，在山嵐與海洋的裹覆下顯的寧靜宜人，這裡就是南方澳居民的私家海灣「內埤海灣」。漁港外側以沙丘堤岸與太平洋相隔，面對太平洋的沙丘，背山面海的地形，山光水色，景色怡人，可欣賞旭日東昇，觀看浪潮波濤之壯麗。礫石細沙混和的沙灘，佈滿各種紋路色彩不一的小礫石，天氣晴朗日照強烈時候，會因陽光折射而閃閃發光，相當浪漫，加上此處地形隱蔽，靜謐的氣氛與樸實風情，常吸引許多甜蜜情侶來此，故又被稱「情人灣」。若是假日時間造訪此地，也可以到岸旁的南安國中觀賞內埤海景，或到海岸邊的北濱公園，若是更高處的南安國小，也有不同角度的海景可賞。','宜蘭',1,'ME2024','sightseeing','情侶行程',900,540),(2025,'虎井嶼之旅',900,'虎井嶼是澎湖群島的第七大島，有著雄偉的柱狀節理玄武岩景觀，也是北回歸線23.5經過的地帶，2020年獲選為台灣經典小鎮之一。此處建造了全長55公尺的追日大道，巨手裝置藝術設置在步道終點，如同邁開雙手迎接陽光的撒落。由於崖下海域澄澈秀麗，有「虎井澄淵」美景的名號。島上著名景點有觀音公園、南進指揮所。觀音公園的觀音像是旅居香港的澎湖人陳英傑先生，聘請山東雕刻師所雕刻四米高的漢白觀音巨像，捐贈給睽違已久的故鄉。而南進指揮所，相傳是日本將領山本五十六作為日軍侵略珍珠港的基地，因為虎井嶼戰略地點重要，到處可見二次大戰時日軍所遺留的軍事設施。值得一提的是在虎井嶼港口街道邊，隨時都可見貓咪慵懶的曬日光浴、伸懶腰、散步，因島上貓咪密度高，近年來也被稱為「貓島」。','澎湖',1,'ME2025','sightseeing','寵物行程',1700,1020),(2026,'Weeee馬樂活山莊',1100,'Weeee馬樂活山莊，全台灣唯一免費參觀的馬場 !位於台南關廟區近虎頭埤，距離市區20分鐘車程，即可抵達您的戶外運動新選擇~有四個主題區，等您來探索！►歐式馬廄區-在這裡你可以看見來自世界各地、不同品種的馬匹，從拉馬車的馱馬到世界最小的寵物馬，運氣好的話~還可以看到非常難得的新生兒馬寶寶唷!►草食動物區-這裡有山羊、綿羊、羊駝等草食動物，除了可以與他們近距離接觸外，還可以體驗餵食的樂趣。►室內練習場-在電影影集裡，常看到演員帥氣的飆馬英姿，想成為他們嗎?我們有專業的室內騎乘場，讓您風雨無阻優雅的完成您的夢想。►星空放牧場-聚集了驢子、罕見的騾子等草食動物，偶爾...還可以看到逛大街的鵝呢!英式馬術班熱烈招生中台南網美騎馬打卡景點親子旅遊接觸動物好去處戶外騎乘行程規劃學校補習班、公司行號遊程全客制化婚禮馬車、婚紗外拍、活動馬匹承租服務','台南',1,'ME2026','sightseeing','寵物行程',1300,780),(2027,'新北的山，新北的海，水啦',400,'早上，來到東北角風景線沿途的第一個停靠站-鼻頭港服務區，作為旅人短暫休息的中繼站，這裡除了設有餐飲區、廁所、涼亭及停車場等公共設施，更棒的是還有極佳的海景視野，遠道而來的旅人可以下車呼吸幾口新鮮的海風，找間生猛海鮮小攤或海產店，一邊大啖海鮮，一邊眺望遼闊大海，同時滿足視覺、味覺及嗅覺，「海味」十足。下午，挑戰東北角小長城 收藏海天一線絕美景觀綿延翠綠的山際線、褐色的蜿蜒步道，再搭配藍天白雲及蔚藍汪洋，交織出如畫一般的美景，鼻頭角步道已成為北台灣熱門打卡景點之一，只要花點體力與耐心登高，各種角度的美照即垂手可得。晚上，行經濱海公路旁，一個小而古老的漁村，一不小心就很容易被忽略，雖然看似不起眼，但她的傳統漁村風貌卻值得駐足、細細品味。進入漁村後即能感受這地方的古樸與幽靜，以及充滿無比平淡、悠閒的氛圍，歷經百年歲月變遷，卯澳漁村已褪去昔日繁華，返璞歸真，留下的是當地的石砌古厝及盤根錯節的百年老榕，伴隨著細碎的海潮聲，如今顯得特別寧靜而脫世。','新北',1,'ME2027','sightseeing','朋友行程',2500,1500),(2028,'有得逛有得買，就在桃園',500,'早上，去奧爾森林學堂，位於虎頭山公園內的孔廟旁。綠林滿佈的自然環境，每到冬季總吸引許多貓頭鷹在此棲息覓食，因此｢奧爾｣即是取自貓頭鷹英文｢Owl｣的諧音。園區內三座醒目的樹屋群中，有著出自於在地創作者所製作的陶雕貓頭鷹，不妨來找看看， 這15隻大小不一的貓頭鷹究竟藏在哪? 下午，去角板山行館園區包含戰備隧道、蔣公行館、雕塑公園、樟腦收納所等多個特色景點。角板山戰備隧道建於民國52年，用於戰事爆發時保護國家元首安危，並對外下達作戰指令，如今隨著軍事色彩淡去，成為遊客遙想當年戰地風光的好去處。晚上，去桃園火車站前商圈是指由火車站前中正路延伸至中山路景福宮段的熱鬧商圈，在短短的幾個路口，聚集了流行、時尚、服飾、珠寶、百貨等各種行業，傍晚華燈初上之後，將桃園變成了不夜城，也成了喜愛血拼逛街的採買者發現驚奇、找好東西的絕佳地方。','桃園',1,'ME2028','sightseeing','朋友行程',1200,720),(2029,'情侶花蓮旅行',600,'早上，去富興社區為全臺最大的土鳳梨產地，每到7月至9月的鳳梨產季時，富興的鳳梨田中長滿一顆顆飽滿多汁的鳳梨，搭上輕軌小火車經過一望無際的鳳梨田，穿越樹林沿著幸福軌道抵達終點拍照留念，或是坐著農耕車牽引的列車，聽當地居民說著富興社區的故事，參觀爸爸去哪兒的1號房等拍攝地，最後再大口品嘗酸酸甜甜的土鳳梨、金鑽鳳梨，享受產地鮮採的甜美滋味。全長1314公尺的幸福軌道，是情侶出遊拍照的地方。下午，去每天平均約20人進出的東里車站，看似不起眼，卻被譽為「山線最美的車站」，一走進月台便被眼前的美景所吸引，整片無邊無際的綠色稻田映在眼前，小小的東里車站被圍繞在田野間，壯觀令人驚呼不已的田園景緻，深深吸引不少遊客前來探訪。晚上，去四周青山環繞，一汪清潭宛若山間明月，帶點中國風的拱橋倒映在水面上，走在環潭步道上欣賞眼前美景、認識水中生物，為旅人帶走都市的喧囂，這就是隱藏在光復馬錫山下的山中秘境──吉利潭，也是花蓮近期新興景點，擁有戲水道、生態浮島等設施，為炎炎夏日戲水、踏青與認識自然生態的好去處。','花蓮',1,'ME2029','sightseeing','情侶行程',3200,1920),(2030,'情侶桃園旅行',700,'早上，去桃園特色地景﹣｢埤塘｣、｢蓮花｣一把抓的埤塘之旅！在每個季節呈現一片片不同主題的花田，向日葵、薰衣草、波斯菊等花海爭奇鬥豔招呼來客，行經其間，十分愜意，也是情侶、親子們捕捉鏡頭的好地點。中午，如果要排名桃園最有「星味」的休閒農場，富田花園農場必定榜上有名；《天國的嫁衣》、《綠光森林》、《愛殺17》、《鬥牛要不要》、《軍官情人》等多部知名偶像劇，相中農場大片花海與歐風造景，紛紛來此取景，也連帶吸引許多粉絲慕名到訪晚上，「青塘園」在台灣高鐵桃園站附近，原本是一座農業灌溉用的埤塘，有調節防洪的功能，經過規劃之後，成為都市民眾的親水空間；這裡設置親水緩坡、觀景平台、木棧道、人行步道及戶外劇場等多元的遊憩空間，是都市裡一個寧靜、休閒的好去處，還曾經榮獲台灣公共建築相關大獎！來到「青塘園」，可見碧綠的池塘中有許多水生植物和豐富的生態，大片的荷花池吸引民眾停留欣賞，不論是白天或傍晚，這裡成了情侶散步的好去處','桃園',1,'ME2030','sightseeing','情侶行程',3100,1860),(2031,'假日就帶毛孩去跑跑',800,'早上，龍岡大操場周邊這座萬坪森林公園的啟用，使以往缺乏大型公園的龍岡地區因而有較完整的休閒用地。龍岡公園經過整治，成為一座綠意盎然的景觀公園。大家可近距離擁抱大自然、讓寵物在空地盡情奔跑、享受樂活無比的健康生活！中午，雙和區為全台人口密度最高的地方，而永和的綠寶石運動河濱公園寓意是在人口稠密的都市中，廣闊綠地如同寶石一樣珍貴。永和綠寶石河濱公園占地遼闊，包含停車場、寵物公園、籃球場、溜冰場、網球場、排球場、羽球場、足球場、腳踏車越野練習場、棒球場、行人徒步區、休閒廣場、觀光苗圃區、槌球場、景觀步道與低水護岸。身在喧囂卻想獲得片刻舒緩的時候，來趟綠寶石運動河濱公園吧！下午，蘆堤寵物公園位於大台北都會公園內，佔地約17公頃，有一個狹長型的微風運河，公園內不僅有區分大、小狗區，寵物遊戲設施應有盡有，大片的草地除了可以讓毛小孩盡情奔跑，同時提供飼主休憩的座椅區，可以坐在椅子邊欣賞河景，邊看著毛小孩放風。','桃園',1,'ME2031','sightseeing','寵物行程',800,480),(2032,'寵物友善大空間',1000,'早上，去位於台中市北屯區亞洲最大親子寵物友善空間！有毛沒毛，卯起來玩就對啦下午，去施公祠按「施將軍廟碑記」，可確證此廟係施琅平臺封靖海候後所建之生祠。道光年間加祀海璮殉職之官兵，故不專稱將軍廟，而改稱施公祠。晚上，去位在觀音亭濱海遊憩公園內、帆船訓練中心後，交通很方便。','台中',1,'ME2032','sightseeing','寵物行程',900,540),(2033,'南投｜清境農場＆合歡山・埔里一日遊',1800,'遠離繁華喧囂的城市，跟隨導遊來趟南投一日遊，前往清境農場和合歡山的自然之境，體驗難得的原生態慢生活！清境農場曾是賽德克族（台灣原住民）的牧場，自20世紀60年代開始變成農田。這片高低起伏佔地70公頃的草地，特別適合讓你放鬆心境，體驗融合於大自然的舒適之旅。隨後，爬上台灣最高點「武嶺」，在海拔高達3150公尺的觀景台盡情拍照，將山腳奇景一覽無遺！最後直達合歡山度過難忘的下午，你可以一邊在3158 Cafe品嚐小吃，一邊欣賞奇山峻嶺，好不愜意！參觀結束後，不妨在清境農場購物中心為朋友們挑選一些伴手禮。喜歡親近大自然的你，快和家人一起感受別樣的農場樂趣！','南投',1,'ME2033','sightseeing','家庭行程',1600,960),(2034,'台東一日遊：伯朗大道＆三仙台＆多良車站＆鐵花村＆太麻里',3795,'預定舒適8小時包車遊覽，輕鬆省力走踏台東景點造訪伯朗大道/三仙台/多良車站/鐵花村/太麻里等熱門景點可選擇建議行程或彈性制定行程專業司機帶您玩遍台東！','台東',1,'ME2034','sightseeing','朋友行程',300,180),(2035,'寵物友善大空間',1000,'早上，去位於彰化親子寵物友善空間！有毛沒毛，卯起來玩就對啦下午，去施公祠按「施將軍廟碑記」，可確證此廟係施琅平臺封靖海候後所建之生祠。道光年間加祀海璮殉職之官兵，故不專稱將軍廟，而改稱施公祠。晚上，去位在觀音亭濱海遊憩公園內、帆船訓練中心後，交通很方便。','彰化',1,'ME2035','sightseeing','寵物行程',900,500),(2036,'寵物友善大空間',1000,'早上，去位於新竹親子寵物友善空間！有毛沒毛，卯起來玩就對啦下午，去施公祠按「施將軍廟碑記」，可確證此廟係施琅平臺封靖海候後所建之生祠。道光年間加祀海璮殉職之官兵，故不專稱將軍廟，而改稱施公祠。晚上，去位在觀音亭濱海遊憩公園內、帆船訓練中心後，交通很方便。','新竹',1,'ME2036','sightseeing','寵物行程',900,500),(2037,'寵物友善大空間',1000,'早上，去位於新竹親子寵物友善空間！有毛沒毛，卯起來玩就對啦下午，去施公祠按「施將軍廟碑記」，可確證此廟係施琅平臺封靖海候後所建之生祠。道光年間加祀海璮殉職之官兵，故不專稱將軍廟，而改稱施公祠。晚上，去位在觀音亭濱海遊憩公園內、帆船訓練中心後，交通很方便。','苗栗',1,'ME2037','sightseeing','寵物行程',900,500),(2038,'寵物友善大空間',1000,'早上，去位於新竹親子寵物友善空間！有毛沒毛，卯起來玩就對啦下午，去施公祠按「施將軍廟碑記」，可確證此廟係施琅平臺封靖海候後所建之生祠。道光年間加祀海璮殉職之官兵，故不專稱將軍廟，而改稱施公祠。晚上，去位在觀音亭濱海遊憩公園內、帆船訓練中心後，交通很方便。','雲林',1,'ME2038','sightseeing','寵物行程',900,500),(2039,'寵物友善大空間',1000,'早上，去位於新竹親子寵物友善空間！有毛沒毛，卯起來玩就對啦下午，去施公祠按「施將軍廟碑記」，可確證此廟係施琅平臺封靖海候後所建之生祠。道光年間加祀海璮殉職之官兵，故不專稱將軍廟，而改稱施公祠。晚上，去位在觀音亭濱海遊憩公園內、帆船訓練中心後，交通很方便。','嘉義',1,'ME2039','sightseeing','寵物行程',900,500),(2040,'寵物友善大空間',1000,'早上，去位於新竹親子寵物友善空間！有毛沒毛，卯起來玩就對啦下午，去施公祠按「施將軍廟碑記」，可確證此廟係施琅平臺封靖海候後所建之生祠。道光年間加祀海璮殉職之官兵，故不專稱將軍廟，而改稱施公祠。晚上，去位在觀音亭濱海遊憩公園內、帆船訓練中心後，交通很方便。','屏東',1,'ME2040','sightseeing','寵物行程',900,500),(3017,'經典卡',500,'好吃、好玩、好划算的新北經典卡','新北',1,'ME3017','transticket','經典暢遊卡',700,420),(3018,'經典卡',600,'好吃、好玩、好划算的高雄經典卡好吃、好玩、好划算的新北經典卡好吃、好玩、好划算的新北經典卡好吃、好玩、好划算的新北經典卡好吃、好玩、好划算的新北經典卡好吃、好玩、好划算的好吃、好玩、好划算的新北經典卡好吃、好玩、好划算的新北經典卡新北經典卡','高雄',1,'ME3018','transticket','經典暢遊卡',1400,840),(3019,'交通卡',550,'好吃、好玩、好划算的台北交通卡好吃、好玩、好划算的新北經典卡好吃、好玩、好划算的新北經典卡好吃、好玩、好划算的新北經典卡好吃、好玩、好划算的新北經典卡好吃、好玩、好划算的新北經典卡','台北',1,'ME3019','transticket','交通暢遊卡',2900,1740),(3020,'交通卡',650,'好吃、好玩、好划算的台南交通卡','台南',1,'ME3020','transticket','交通暢遊卡',2100,1260),(3021,'景點卡',560,'好吃、好玩、好划算的桃園景點卡','桃園',1,'ME3021','transticket','景點暢遊卡',1300,780),(3022,'景點卡',660,'好吃、好玩、好划算的嘉義景點卡','嘉義',1,'ME3022','transticket','景點暢遊卡',700,420),(3023,'無限卡',570,'好吃、好玩、好划算的新竹無限卡','新竹',1,'ME3023','transticket','無限暢遊卡',1800,1080),(3024,'無限卡',670,'好吃、好玩、好划算的屏東無限卡','屏東',1,'ME3024','transticket','無限暢遊卡',3000,1800),(3025,'無限一日卡',1300,'可在台南無限暢遊的一日卡','台南',1,'ME3025','transticket','無限暢遊卡',300,180),(3026,'無限二日卡',2500,'可在台南無限暢遊的二日卡','台南',1,'ME3026','transticket','無限暢遊卡',1600,960),(3027,'景點一日卡',850,'可在高雄景點暢遊的一日卡','高雄',1,'ME3027','transticket','景點暢遊卡',3000,1800),(3028,'景點一日卡',1650,'可在高雄景點暢遊的二日卡','高雄',1,'ME3028','transticket','景點暢遊卡',1500,900),(3029,'交通一日卡',180,'可在南投交通暢遊的一日卡','南投',1,'ME3029','transticket','交通暢遊卡',300,180),(3030,'交通二日卡',300,'可在南投交通暢遊的二日卡','南投',1,'ME3030','transticket','交通暢遊卡',2900,1740),(3031,'暢遊一日卡',900,'可在宜蘭經典暢遊的一日卡','宜蘭',1,'ME3031','transticket','經典暢遊卡',800,480),(3032,'暢遊二日卡',1500,'可在宜蘭經典暢遊的二日卡','宜蘭',1,'ME3032','transticket','經典暢遊卡',400,240),(3033,'交通一日卡',300,'可在台中交通暢遊的一日卡','台中',1,'ME3033','transticket','交通暢遊卡',300,250),(3034,'經典卡',500,'好吃、好玩、好划算的台中經典卡','台中',1,'ME3034','transticket','經典暢遊卡',500,400),(3035,'經典卡',500,'好吃、好玩、好划算的台中經典卡','彰化',1,'ME3035','transticket','經典暢遊卡',300,300),(3036,'交通一日卡',280,'可在彰化交通暢遊的一日卡','彰化',1,'ME3036','transticket','交通暢遊卡',300,300),(3037,'經典卡',500,'好吃、好玩、好划算的基隆經典卡','基隆',1,'ME3037','transticket','經典暢遊卡',500,400),(3038,'經典卡',500,'好吃、好玩、好划算的苗栗經典卡','苗栗',1,'ME3038','transticket','經典暢遊卡',500,400),(3039,'經典卡',500,'好吃、好玩、好划算的雲林經典卡','雲林',1,'ME3039','transticket','經典暢遊卡',500,400),(4011,'當代文藝館',200,'致力於推廣當代藝術家。我們透過與各種文化場域（藝文複合空間、歷史建築、人文教育聚集地、藝術沙龍等）合作創造出更多藝術的可能性，以多元呈現方式詮釋藝術本身的獨特性，同時也為不同的藝文展覽帶來更廣大的觀眾群與目標客群。','高雄',1,'ME3011','viewpointticket','美術館',2800,1680),(4012,'市立第二美術館',350,'美術館自成立起，即致力於結合各鄉鎮市產業活動，扶持成立地方特色博物館，以發展農林漁業及觀光資源文化，並規劃和協助設立公共藝術與推動視覺藝術活動，以促進藝術教育落實基層文化建設為目標，另歷年辦理文藝展覽及活動以豐富人文生活內涵，成為民眾假日休閒的好去處。','台中',1,'ME4012','viewpointticket','美術館',2800,1680),(4017,'淡水藝術工坊',300,'淡水藝術工坊於2011年啟用，不僅是新北市首座公共綠建築，更被評選為臺灣「鑽石級」綠建築。其基地原址於日治時期是一座四連棟形式的日式警眷宿舍，建物本身保留了原址拆除的瓦片，運用於新建築物室內裝修上，保留歷史的記憶，因此淡水藝術工坊無論在生態、減廢、節能皆具備高水準的環境友善指標。整體外觀以「舊材新築」為設計基礎，並採綠色思考的手法，例如工坊保留了富含時代意義的「日式黑瓦」，巧妙拼貼成建築牆景；而造型吸睛的「書卷銅管煙囪」不僅具有創造自然通風功能，也達到減量用電之效；除此之外，藉由太陽能光電與大量落地窗設計，既具有環保節能功效，又能將熱輻射隔絕於室外。目前1樓主要作為文創商品展售區，並附有簡易甜點與飲料；2樓為多功能藝文空間，可作小型展覽、畫展、互動教學、電影欣賞、座談會，平時則設置餐飲區；3樓則由本館規劃辦理藝文展覽，希望本建築能提升淡水藝文發展，創造淡水新風貌。','新北',1,'ME3017','viewpointticket','美術館',1500,900),(4018,'Weeee雕塑公園之藝術殿堂展',400,'  Weeee雕塑公園為全臺首座公立雕塑公園，座落於向心南路、文心南七路、永春東一路、文心南五路之間，佔地達6 公頃。園內設有拱橋、流瀑、人工湖、涼亭、親水區、兒童遊戲場、活動中心、步道以及五十二件雕塑作品。臺中市歷屆雕塑大展及資深雕塑家的優秀作品，園區內規劃一理想的展示空間，累積國家的文化資財，榮耀藝術創作，培育全民藝術氣質。假日遊客如織，許多小朋友在小山坡上放風箏，把公園妝點得繽紛熱鬧。園內以收集臺中市歷屆雕塑大展及資深雕塑家作品為主要造景，綠意盎然間陳列寓意深遠的雕塑作品，讓人猶如進入自然的藝術殿堂，使  Weeee雕塑公園成為一座代表臺中市文化城的地標。','台中',1,'ME3018','viewpointticket','美術館',2300,1380),(4019,'汽車博物館',500,'國內知名汽車廠商於公司成立30週年時，成立Weeee車博物館，並於2014年9月開幕。博物館不以蒐集古董車為要，而是展現當代世界汽車科技縮影，因此除有世界汽車科技發展史外，亦有許多珍貴的汽車典藏品及復刻版，而最受歡迎「體驗區」，則可以試乘不少太平洋自行車最夯的車款。','桃園',1,'ME3019','viewpointticket','博物館',600,360),(4020,'恐龍博物館',800,'座落二二八公園對面，為自然史為主的古生物展覽館，是日據時期遺留下來的勸業銀行古蹟再利用。外部為巨大羅馬柱廊的石造建築，牆面材料則為分割灰縫作法，鑄鐵窗採用滑輪與重錘省力的上下開閉，且鑄鐵窗都嵌入六角網目鐵絲網壓花處理玻璃，可藉此見證當時的營建技術與工藝水準。挑高三層樓的大廳以石膏浮雕泥塑板作為裝飾構件，裡面展示各樣古生物標本與大型恐龍模型...等，另常設有土地銀行行史金庫與建築修復的展覽。','台北',1,'ME3020','viewpointticket','博物館',400,240),(4021,'Weeee海洋公園',600,'Weeee海洋公園緊臨東管處花蓮遊客服務中心，依著山勢設有「八大主題樂園區」、「四大主題表演區」和「自然景觀公園區」，以及擁有391間客房的「休閒飯店區」。主題園區以19世紀英國碼頭及海洋嘉年華風格為主，遊客可以恣意玩樂，包括「海洋村」、「探險島」、「海洋劇場」、「嘉年華歡樂街」、「海盜灣」、「布萊登海岸」、「海底王國」及「水晶城堡」等8個遊樂園區，其中海洋劇場不但可以欣賞海豚表演，還可以與海豚親密接觸，並有多項互動體驗，可觸摸、餵食海洋動物，可稱得上是太平洋左岸最大的「海洋王國」。海洋公園除了讓人流連忘返的遊樂設施外，更有四大主題表演–「海豚秀」、「晃晃海獅秀」、「海洋哺乳動物生態教室」，以及「飛越海洋」魔幻大秀；另外全台獨特的「海洋夜未眠」體驗營，是認識海豚與海洋生態的深度之旅，是極適合全家大小親子同遊的主題樂園。','台東',1,'ME3021','viewpointticket','水族館',800,480),(4022,'澎湖水族館之旅',700,'澎湖水族館位於澎湖縣白沙鄉白沙養殖場內，原水產試驗所位置所擴建的澎湖水族館，佔地約2.5公頃建築面積約為4600平方公尺，澎湖水族館是一座兩層樓建築，規劃瞬間最大容量為500人。自民國82年起動工，歷經四年完工，並於87年4月起開放購票參觀，當時為國內第一座同時結合科技研究、社會教育與觀光遊憩等多樣化功能的水族館，同時也是當時全東南亞最大的水族館。 澎湖水族館的展覽區為一座二層建物，佔地2.5公頃，面積4690平方公尺，外觀為碧綠色屋瓦搭配灰白色牆身，館外有一座涼亭式瞭望台可遠眺員貝島；沿著海堤有一條玄武岩石所鋪設的步道，可直接步行至港子古榕樹下乘涼、至岐頭親水公園及岐頭觀光碼頭旁潮間帶弄潮，整體呈現出夏日清爽、悠閒、寬闊的色調及意像。','澎湖',1,'ME3022','viewpointticket','水族館',2000,1200),(4023,'Weeee文化村與日月潭渡假村之行',900,'Weeee文化村以日月潭纜車與日月潭緊緊相連，園區原住民文化、歐洲花園、頂尖的遊樂設施聞名台灣，最熱門的設施包括：西班牙海岸、「加勒比海探險」水上雲霄飛車、自由落體UFO、懸吊式雲霄飛車「馬雅探險」、金礦山、太空山VR等遊樂設施，而娜魯灣劇場「原住民歌舞表演」、Weeee廣場「祭典會所」的祭典演出，更是遊客絕不能錯過的演出。水陸空旅遊經典玩法來到Weeee文化村，不可錯過的便是搭纜車俯瞰日月潭，其中纜車可分一般纜車和水晶纜車，想要從腳下一覽居高臨下的風景，請務必搭乘水晶纜車享受刺激的視覺饗宴。不論是搭空中纜車、到日月潭遊湖或是在Weeee文化村大玩特玩，都是水陸空旅遊的經典玩法，多樣化的旅遊形式都能滿足各年齡層的需求。體驗原住民文化原住民部落區裡多種「原」味十足的文化展示與親子DIY活動，讓遊客一次體驗各族原民生活。','南投',1,'ME3023','viewpointticket','主題樂園',400,240),(4024,'Weeee百老匯',1100,'「Weeee百老匯」是臺東生活美學館的夜間亮點活動，每週五至日的夜晚時間，由在地的樂團、表演團隊及素人歌手等輪番上陣表演，沒有太多安排好的劇本，與觀眾沒有距離，偶爾台上表演者隨性的即興演出，總能引起歡呼聲、安可聲，久久不散。','台東',1,'ME3024','viewpointticket','主題樂園',1900,1140),(4034,'烏來雲仙樂園',270,'遊樂套票可以將划船、射箭、漆彈一次玩個夠！刺激又有趣','新北',1,'ME3034','viewpointticket','主題樂園',2200,1320),(4035,'桃園小人國主題樂園',1300,'亞洲第一座以迷你微縮建築模型為主題的遊樂園超過100座世界各國知名迷你建築景觀，讓你實現環遊世界的夢想20多項以闔家同樂為設計主軸的遊樂設施及表演節目，一玩再玩超開心','桃園',1,'ME3035','viewpointticket','主題樂園',2500,1500),(4036,'桃園 Xpark 水族館',550,'由日本高人氣橫濱八景島團隊首度跨海來台打造，全台第一座日系都會型水族館！結合商場與周邊玩樂，交通便捷，鄰近高鐵站、機場捷運，吃喝玩樂一次滿足！','桃園',1,'ME3036','viewpointticket','水族館',300,180),(4037,'花蓮遠雄海洋公園',2700,'展開新奇冒險，尋找傳說中的神祕美人魚活動多元豐富，全家大小一起創造難忘美好的回憶！','花蓮',1,'ME3037','viewpointticket','水族館',3100,1860),(4038,'基隆國立海洋科技博物館',160,'獲獎無數的國立海洋科技博物館，結合周邊優美環境打造園區建築走進海科館，展開7層樓的大型海洋教育之旅透過現代設計與自然景觀的完美融合，深入了解海洋生物知識和技術館內設有常設展覽和兒童廳，是親子同遊的最佳選擇','基隆',1,'ME3038','viewpointticket','博物館',2100,1260),(4039,'市立天文科學教育館',100,'天文迷必去！走進天文館探索太空奧妙，現場掃描QR Code快速入館透過各式模型、生動有趣的圖文解說及互動體驗，認識太空探索的發展展示場分為：序曲、地球、太空探險、日地月、太陽系、恆星世界、銀河系、兒童區、星系、宇宙、外星生命的探索、天文觀測 - 發現星光的祕密、什麼是重力波及台灣參與的國際天文研究適合大小朋友、親子旅遊，一同悠遊星海，領略天文之美','台北',1,'ME3039','viewpointticket','博物館',1300,780),(4040,'朱銘美術館',280,'朱銘至今最大的藝術品，室內外展區共達110,000平方公尺欣賞山脈與海洋進行對話互動的藝術品擁抱博物館的藝術和自然風光，並充分感受全台最大的公園美術館，以「種活藝術種子」為理念，致力推廣雕塑藝術及兒童藝術教育','新北',1,'ME3040','viewpointticket','美術館',1200,720),(4041,'國立臺灣美術館',300,'國美館以視覺藝術為主軸，致力於現當代台灣美術之典藏研究，規劃並辦理各項展覽，建立國際藝術交流平台，進行藝術教育推廣，提供民眾多元化之藝文欣賞環境。','台中',1,'ME3041','viewpointticket','美術館',2800,1680),(4042,'市立第二美術館',350,'美術館自成立起，即致力於結合各鄉鎮市產業活動，扶持成立地方特色博物館，以發展農林漁業及觀光資源文化，並規劃和協助設立公共藝術與推動視覺藝術活動，以促進藝術教育落實基層文化建設為目標，另歷年辦理文藝展覽及活動以豐富人文生活內涵，成為民眾假日休閒的好去處。','彰化',1,'ME4012','viewpointticket','美術館',2800,1680),(4043,'市立美術館',300,'美術館自成立起，即致力於結合各鄉鎮市產業活動，扶持成立地方特色博物館，以發展農林漁業及觀光資源文化，並規劃和協助設立公共藝術與推動視覺藝術活動，以促進藝術教育落實基層文化建設為目標，另歷年辦理文藝展覽及活動以豐富人文生活內涵，成為民眾假日休閒的好去處。','嘉義',1,'ME4043','viewpointticket','美術館',2800,1680),(4044,'市立美術館',250,'美術館自成立起，即致力於結合各鄉鎮市產業活動，扶持成立地方特色博物館，以發展農林漁業及觀光資源文化，並規劃和協助設立公共藝術與推動視覺藝術活動，以促進藝術教育落實基層文化建設為目標，另歷年辦理文藝展覽及活動以豐富人文生活內涵，成為民眾假日休閒的好去處。','苗栗',1,'ME4044','viewpointticket','美術館',2800,1680),(4045,'市立美術館',200,'美術館自成立起，即致力於結合各鄉鎮市產業活動，扶持成立地方特色博物館，以發展農林漁業及觀光資源文化，並規劃和協助設立公共藝術與推動視覺藝術活動，以促進藝術教育落實基層文化建設為目標，另歷年辦理文藝展覽及活動以豐富人文生活內涵，成為民眾假日休閒的好去處。','屏東',1,'ME4045','viewpointticket','美術館',2800,1680),(4046,'市立美術館',350,'美術館自成立起，即致力於結合各鄉鎮市產業活動，扶持成立地方特色博物館，以發展農林漁業及觀光資源文化，並規劃和協助設立公共藝術與推動視覺藝術活動，以促進藝術教育落實基層文化建設為目標，另歷年辦理文藝展覽及活動以豐富人文生活內涵，成為民眾假日休閒的好去處。','雲林',1,'ME4046','viewpointticket','美術館',2800,1680);
/*!40000 ALTER TABLE `Product` ENABLE KEYS */;
UNLOCK TABLES;

--
-- Table structure for table `ProductComment`
--

DROP TABLE IF EXISTS `ProductComment`;
/*!40101 SET @saved_cs_client     = @@character_set_client */;
/*!50503 SET character_set_client = utf8mb4 */;
CREATE TABLE `ProductComment` (
  `ProductCommentID` int NOT NULL AUTO_INCREMENT,
  `ProductID` int NOT NULL,
  `MemberID` int NOT NULL,
  `ProductCommentText` mediumtext,
  `ProductCommentScore` int NOT NULL,
  `ProductCommentTime` datetime(3) NOT NULL,
  PRIMARY KEY (`ProductCommentID`),
  KEY `FK_ProductComment_ProductID_idx` (`ProductID`),
  KEY `FK_ProductComment_MemberID_idx` (`MemberID`),
  CONSTRAINT `FK_ProductComment_MemberID` FOREIGN KEY (`MemberID`) REFERENCES `Member` (`MemberID`),
  CONSTRAINT `FK_ProductComment_ProductID` FOREIGN KEY (`ProductID`) REFERENCES `Product` (`ProductID`)
) ENGINE=InnoDB AUTO_INCREMENT=1204 DEFAULT CHARSET=utf8mb4 COLLATE=utf8mb4_0900_ai_ci;
/*!40101 SET character_set_client = @saved_cs_client */;

--
-- Dumping data for table `ProductComment`
--

LOCK TABLES `ProductComment` WRITE;
/*!40000 ALTER TABLE `ProductComment` DISABLE KEYS */;
INSERT INTO `ProductComment` VALUES (218,401,5,'這個商品用過都說讚，所以本人給予4星',4,'2023-01-18 01:03:06.000'),(219,401,1,'這個商品用過都說讚，所以本人給予4星',4,'2023-01-18 01:03:06.000'),(220,401,2,'這個商品還不錯，但有地方仍需改善，所以本人給予3星',3,'2023-01-18 01:03:07.000'),(221,401,2,'這個商品用過都說讚，所以本人給予4星',4,'2023-01-18 01:03:07.000'),(222,401,4,'這個商品用過都說讚，所以本人給予4星',4,'2023-01-18 01:03:07.000'),(223,401,7,'這個商品用過都說讚，所以本人給予4星',4,'2023-01-18 01:03:07.000'),(224,401,1,'我覺得這個商品非常理想，所以本人給予5星',5,'2023-01-18 01:03:07.000'),(225,401,5,'這個商品用過都說讚，所以本人給予4星',4,'2023-01-18 01:03:07.000'),(226,401,6,'我覺得這個商品非常理想，所以本人給予5星',5,'2023-01-18 01:03:07.000'),(227,402,3,'這個商品還不錯，但有地方仍需改善，所以本人給予3星',3,'2023-01-18 01:03:07.000'),(228,402,1,'這個商品用過都說讚，所以本人給予4星',4,'2023-01-18 01:03:07.000'),(229,402,5,'這個商品還不錯，但有地方仍需改善，所以本人給予3星',3,'2023-01-18 01:03:07.000'),(230,402,5,'我覺得這個商品非常理想，所以本人給予5星',5,'2023-01-18 01:03:07.000'),(231,402,4,'這個商品用過都說讚，所以本人給予4星',4,'2023-01-18 01:03:07.000'),(232,402,4,'這個商品還不錯，但有地方仍需改善，所以本人給予3星',3,'2023-01-18 01:03:07.000'),(233,402,5,'我覺得這個商品非常理想，所以本人給予5星',5,'2023-01-18 01:03:07.000'),(234,402,2,'這個商品用過都說讚，所以本人給予4星',4,'2023-01-18 01:03:07.000'),(235,403,1,'這個商品用過都說讚，所以本人給予4星',4,'2023-01-18 01:03:07.000'),(236,403,7,'這個商品用過都說讚，所以本人給予4星',4,'2023-01-18 01:03:07.000'),(237,403,1,'這個商品還不錯，但有地方仍需改善，所以本人給予3星',3,'2023-01-18 01:03:07.000'),(238,403,4,'這個商品用過都說讚，所以本人給予4星',4,'2023-01-18 01:03:07.000'),(239,403,3,'這個商品還不錯，但有地方仍需改善，所以本人給予3星',3,'2023-01-18 01:03:07.000'),(240,403,3,'我覺得這個商品非常理想，所以本人給予5星',5,'2023-01-18 01:03:07.000'),(241,403,6,'這個商品用過都說讚，所以本人給予4星',4,'2023-01-18 01:03:07.000'),(242,403,6,'這個商品還不錯，但有地方仍需改善，所以本人給予3星',3,'2023-01-18 01:03:07.000'),(243,403,6,'我覺得這個商品非常理想，所以本人給予5星',5,'2023-01-18 01:03:07.000'),(244,403,5,'我覺得這個商品非常理想，所以本人給予5星',5,'2023-01-18 01:03:07.000'),(245,4011,4,'這個商品還不錯，但有地方仍需改善，所以本人給予3星',3,'2023-01-18 01:03:07.000'),(246,4011,7,'這個商品用過都說讚，所以本人給予4星',4,'2023-01-18 01:03:07.000'),(247,4011,2,'這個商品還不錯，但有地方仍需改善，所以本人給予3星',3,'2023-01-18 01:03:07.000'),(248,4011,6,'這個商品用過都說讚，所以本人給予4星',4,'2023-01-18 01:03:07.000'),(249,4011,6,'這個商品用過都說讚，所以本人給予4星',4,'2023-01-18 01:03:07.000'),(250,4011,3,'這個商品用過都說讚，所以本人給予4星',4,'2023-01-18 01:03:07.000'),(251,4011,5,'這個商品用過都說讚，所以本人給予4星',4,'2023-01-18 01:03:07.000'),(252,4011,1,'這個商品還不錯，但有地方仍需改善，所以本人給予3星',3,'2023-01-18 01:03:07.000'),(253,4011,3,'這個商品還不錯，但有地方仍需改善，所以本人給予3星',3,'2023-01-18 01:03:07.000'),(254,4012,6,'這個商品用過都說讚，所以本人給予4星',4,'2023-01-18 01:03:07.000'),(255,4012,6,'這個商品用過都說讚，所以本人給予4星',4,'2023-01-18 01:03:07.000'),(256,4012,2,'這個商品還不錯，但有地方仍需改善，所以本人給予3星',3,'2023-01-18 01:03:07.000'),(257,4012,2,'這個商品用過都說讚，所以本人給予4星',4,'2023-01-18 01:03:07.000'),(258,4012,1,'這個商品用過都說讚，所以本人給予4星',4,'2023-01-18 01:03:07.000'),(259,4012,5,'這個商品還不錯，但有地方仍需改善，所以本人給予3星',3,'2023-01-18 01:03:07.000'),(260,4012,7,'這個商品還不錯，但有地方仍需改善，所以本人給予3星',3,'2023-01-18 01:03:07.000'),(261,4012,5,'這個商品還不錯，但有地方仍需改善，所以本人給予3星',3,'2023-01-18 01:03:07.000'),(262,4012,5,'這個商品用過都說讚，所以本人給予4星',4,'2023-01-18 01:03:07.000'),(263,4012,3,'我覺得這個商品非常理想，所以本人給予5星',5,'2023-01-18 01:03:07.000'),(264,4017,7,'這個商品還不錯，但有地方仍需改善，所以本人給予3星',3,'2023-01-18 01:03:07.000'),(265,4017,5,'我覺得這個商品非常理想，所以本人給予5星',5,'2023-01-18 01:03:07.000'),(266,4017,5,'我覺得這個商品非常理想，所以本人給予5星',5,'2023-01-18 01:03:07.000'),(267,4017,6,'我覺得這個商品非常理想，所以本人給予5星',5,'2023-01-18 01:03:07.000'),(268,4017,1,'這個商品還不錯，但有地方仍需改善，所以本人給予3星',3,'2023-01-18 01:03:07.000'),(269,4017,1,'我覺得這個商品非常理想，所以本人給予5星',5,'2023-01-18 01:03:07.000'),(270,4017,3,'這個商品還不錯，但有地方仍需改善，所以本人給予3星',3,'2023-01-18 01:03:07.000'),(271,4017,3,'這個商品用過都說讚，所以本人給予4星',4,'2023-01-18 01:03:07.000'),(272,4017,6,'這個商品用過都說讚，所以本人給予4星',4,'2023-01-18 01:03:07.000'),(273,4017,4,'這個商品用過都說讚，所以本人給予4星',4,'2023-01-18 01:03:07.000'),(274,4018,5,'這個商品用過都說讚，所以本人給予4星',4,'2023-01-18 01:03:07.000'),(275,4018,5,'我覺得這個商品非常理想，所以本人給予5星',5,'2023-01-18 01:03:07.000'),(276,4018,7,'我覺得這個商品非常理想，所以本人給予5星',5,'2023-01-18 01:03:07.000'),(277,4018,7,'這個商品還不錯，但有地方仍需改善，所以本人給予3星',3,'2023-01-18 01:03:07.000'),(278,4018,5,'這個商品還不錯，但有地方仍需改善，所以本人給予3星',3,'2023-01-18 01:03:07.000'),(279,4018,5,'這個商品用過都說讚，所以本人給予4星',4,'2023-01-18 01:03:07.000'),(280,4018,7,'這個商品還不錯，但有地方仍需改善，所以本人給予3星',3,'2023-01-18 01:03:07.000'),(281,4018,7,'這個商品用過都說讚，所以本人給予4星',4,'2023-01-18 01:03:07.000'),(282,4018,2,'這個商品用過都說讚，所以本人給予4星',4,'2023-01-18 01:03:07.000'),(283,4018,6,'我覺得這個商品非常理想，所以本人給予5星',5,'2023-01-18 01:03:07.000'),(284,4019,2,'我覺得這個商品非常理想，所以本人給予5星',5,'2023-01-18 01:03:07.000'),(285,4019,7,'這個商品還不錯，但有地方仍需改善，所以本人給予3星',3,'2023-01-18 01:03:07.000'),(286,4019,6,'這個商品還不錯，但有地方仍需改善，所以本人給予3星',3,'2023-01-18 01:03:07.000'),(287,4019,3,'我覺得這個商品非常理想，所以本人給予5星',5,'2023-01-18 01:03:07.000'),(288,4019,3,'這個商品還不錯，但有地方仍需改善，所以本人給予3星',3,'2023-01-18 01:03:07.000'),(289,4019,7,'我覺得這個商品非常理想，所以本人給予5星',5,'2023-01-18 01:03:07.000'),(290,4019,2,'這個商品還不錯，但有地方仍需改善，所以本人給予3星',3,'2023-01-18 01:03:07.000'),(291,4019,2,'這個商品還不錯，但有地方仍需改善，所以本人給予3星',3,'2023-01-18 01:03:07.000'),(292,4019,5,'我覺得這個商品非常理想，所以本人給予5星',5,'2023-01-18 01:03:07.000'),(293,4019,5,'這個商品還不錯，但有地方仍需改善，所以本人給予3星',3,'2023-01-18 01:03:07.000'),(294,4020,1,'這個商品用過都說讚，所以本人給予4星',4,'2023-01-18 01:03:07.000'),(295,4020,5,'這個商品用過都說讚，所以本人給予4星',4,'2023-01-18 01:03:07.000'),(296,4020,7,'這個商品還不錯，但有地方仍需改善，所以本人給予3星',3,'2023-01-18 01:03:07.000'),(297,4020,4,'這個商品還不錯，但有地方仍需改善，所以本人給予3星',3,'2023-01-18 01:03:07.000'),(298,4020,1,'這個商品用過都說讚，所以本人給予4星',4,'2023-01-18 01:03:07.000'),(299,4020,7,'這個商品還不錯，但有地方仍需改善，所以本人給予3星',3,'2023-01-18 01:03:07.000'),(300,4020,3,'我覺得這個商品非常理想，所以本人給予5星',5,'2023-01-18 01:03:07.000'),(301,4020,2,'我覺得這個商品非常理想，所以本人給予5星',5,'2023-01-18 01:03:07.000'),(302,4020,5,'這個商品還不錯，但有地方仍需改善，所以本人給予3星',3,'2023-01-18 01:03:07.000'),(303,4020,7,'這個商品用過都說讚，所以本人給予4星',4,'2023-01-18 01:03:07.000'),(304,4021,4,'我覺得這個商品非常理想，所以本人給予5星',5,'2023-01-18 01:03:07.000'),(305,4021,6,'我覺得這個商品非常理想，所以本人給予5星',5,'2023-01-18 01:03:07.000'),(306,4021,4,'這個商品還不錯，但有地方仍需改善，所以本人給予3星',3,'2023-01-18 01:03:07.000'),(307,4021,2,'這個商品還不錯，但有地方仍需改善，所以本人給予3星',3,'2023-01-18 01:03:07.000'),(308,4021,2,'這個商品用過都說讚，所以本人給予4星',4,'2023-01-18 01:03:07.000'),(309,4021,6,'這個商品還不錯，但有地方仍需改善，所以本人給予3星',3,'2023-01-18 01:03:07.000'),(310,4021,3,'這個商品用過都說讚，所以本人給予4星',4,'2023-01-18 01:03:07.000'),(311,4021,1,'這個商品用過都說讚，所以本人給予4星',4,'2023-01-18 01:03:07.000'),(312,4021,5,'這個商品用過都說讚，所以本人給予4星',4,'2023-01-18 01:03:07.000'),(313,4021,4,'這個商品用過都說讚，所以本人給予4星',4,'2023-01-18 01:03:07.000'),(314,4022,1,'我覺得這個商品非常理想，所以本人給予5星',5,'2023-01-18 01:03:07.000'),(315,4022,5,'這個商品還不錯，但有地方仍需改善，所以本人給予3星',3,'2023-01-18 01:03:07.000'),(316,4022,6,'這個商品用過都說讚，所以本人給予4星',4,'2023-01-18 01:03:07.000'),(317,4022,2,'這個商品用過都說讚，所以本人給予4星',4,'2023-01-18 01:03:07.000'),(318,4022,5,'這個商品用過都說讚，所以本人給予4星',4,'2023-01-18 01:03:07.000'),(319,4022,6,'這個商品還不錯，但有地方仍需改善，所以本人給予3星',3,'2023-01-18 01:03:07.000'),(320,4022,7,'我覺得這個商品非常理想，所以本人給予5星',5,'2023-01-18 01:03:07.000'),(321,4022,3,'這個商品用過都說讚，所以本人給予4星',4,'2023-01-18 01:03:07.000'),(322,4022,6,'這個商品還不錯，但有地方仍需改善，所以本人給予3星',3,'2023-01-18 01:03:07.000'),(323,4022,6,'這個商品用過都說讚，所以本人給予4星',4,'2023-01-18 01:03:07.000'),(324,4023,4,'這個商品用過都說讚，所以本人給予4星',4,'2023-01-18 01:03:07.000'),(325,4023,2,'我覺得這個商品非常理想，所以本人給予5星',5,'2023-01-18 01:03:07.000'),(326,4023,3,'這個商品還不錯，但有地方仍需改善，所以本人給予3星',3,'2023-01-18 01:03:07.000'),(327,4023,3,'這個商品用過都說讚，所以本人給予4星',4,'2023-01-18 01:03:07.000'),(328,4023,7,'這個商品還不錯，但有地方仍需改善，所以本人給予3星',3,'2023-01-18 01:03:07.000'),(329,4023,2,'這個商品還不錯，但有地方仍需改善，所以本人給予3星',3,'2023-01-18 01:03:07.000'),(330,4023,5,'這個商品用過都說讚，所以本人給予4星',4,'2023-01-18 01:03:07.000'),(331,4023,3,'這個商品用過都說讚，所以本人給予4星',4,'2023-01-18 01:03:07.000'),(332,4023,7,'我覺得這個商品非常理想，所以本人給予5星',5,'2023-01-18 01:03:07.000'),(333,4023,6,'這個商品還不錯，但有地方仍需改善，所以本人給予3星',3,'2023-01-18 01:03:07.000'),(334,4024,1,'這個商品用過都說讚，所以本人給予4星',4,'2023-01-18 01:03:07.000'),(335,4024,7,'這個商品用過都說讚，所以本人給予4星',4,'2023-01-18 01:03:07.000'),(336,4024,2,'這個商品還不錯，但有地方仍需改善，所以本人給予3星',3,'2023-01-18 01:03:07.000'),(337,4024,5,'這個商品用過都說讚，所以本人給予4星',4,'2023-01-18 01:03:07.000'),(338,4024,3,'這個商品用過都說讚，所以本人給予4星',4,'2023-01-18 01:03:07.000'),(339,4024,1,'這個商品用過都說讚，所以本人給予4星',4,'2023-01-18 01:03:07.000'),(340,4024,3,'這個商品用過都說讚，所以本人給予4星',4,'2023-01-18 01:03:07.000'),(341,4024,2,'這個商品用過都說讚，所以本人給予4星',4,'2023-01-18 01:03:07.000'),(342,4024,7,'我覺得這個商品非常理想，所以本人給予5星',5,'2023-01-18 01:03:07.000'),(343,4024,2,'我覺得這個商品非常理想，所以本人給予5星',5,'2023-01-18 01:03:07.000'),(344,4034,7,'這個商品用過都說讚，所以本人給予4星',4,'2023-01-18 01:03:07.000'),(345,4034,4,'這個商品用過都說讚，所以本人給予4星',4,'2023-01-18 01:03:07.000'),(346,4034,4,'這個商品用過都說讚，所以本人給予4星',4,'2023-01-18 01:03:07.000'),(347,4034,1,'這個商品還不錯，但有地方仍需改善，所以本人給予3星',3,'2023-01-18 01:03:07.000'),(348,4034,1,'這個商品用過都說讚，所以本人給予4星',4,'2023-01-18 01:03:07.000'),(349,4034,6,'我覺得這個商品非常理想，所以本人給予5星',5,'2023-01-18 01:03:07.000'),(350,4034,7,'這個商品用過都說讚，所以本人給予4星',4,'2023-01-18 01:03:07.000'),(351,4034,1,'這個商品用過都說讚，所以本人給予4星',4,'2023-01-18 01:03:07.000'),(352,4034,6,'這個商品用過都說讚，所以本人給予4星',4,'2023-01-18 01:03:07.000'),(353,4035,6,'這個商品還不錯，但有地方仍需改善，所以本人給予3星',3,'2023-01-18 01:03:07.000'),(354,4035,2,'這個商品還不錯，但有地方仍需改善，所以本人給予3星',3,'2023-01-18 01:03:07.000'),(355,4035,7,'這個商品用過都說讚，所以本人給予4星',4,'2023-01-18 01:03:07.000'),(356,4035,2,'這個商品用過都說讚，所以本人給予4星',4,'2023-01-18 01:03:07.000'),(357,4035,7,'我覺得這個商品非常理想，所以本人給予5星',5,'2023-01-18 01:03:07.000'),(358,4035,2,'這個商品還不錯，但有地方仍需改善，所以本人給予3星',3,'2023-01-18 01:03:07.000'),(359,4035,3,'我覺得這個商品非常理想，所以本人給予5星',5,'2023-01-18 01:03:07.000'),(360,4035,7,'這個商品還不錯，但有地方仍需改善，所以本人給予3星',3,'2023-01-18 01:03:07.000'),(361,4035,7,'這個商品還不錯，但有地方仍需改善，所以本人給予3星',3,'2023-01-18 01:03:07.000'),(362,4035,6,'這個商品用過都說讚，所以本人給予4星',4,'2023-01-18 01:03:07.000'),(363,4036,7,'我覺得這個商品非常理想，所以本人給予5星',5,'2023-01-18 01:03:07.000'),(364,4036,2,'這個商品還不錯，但有地方仍需改善，所以本人給予3星',3,'2023-01-18 01:03:07.000'),(365,4036,5,'我覺得這個商品非常理想，所以本人給予5星',5,'2023-01-18 01:03:07.000'),(366,4036,3,'這個商品還不錯，但有地方仍需改善，所以本人給予3星',3,'2023-01-18 01:03:07.000'),(367,4036,6,'這個商品還不錯，但有地方仍需改善，所以本人給予3星',3,'2023-01-18 01:03:07.000'),(368,4036,5,'這個商品還不錯，但有地方仍需改善，所以本人給予3星',3,'2023-01-18 01:03:07.000'),(369,4036,2,'這個商品還不錯，但有地方仍需改善，所以本人給予3星',3,'2023-01-18 01:03:07.000'),(370,4036,2,'這個商品用過都說讚，所以本人給予4星',4,'2023-01-18 01:03:07.000'),(371,4036,3,'這個商品還不錯，但有地方仍需改善，所以本人給予3星',3,'2023-01-18 01:03:07.000'),(372,4036,2,'這個商品還不錯，但有地方仍需改善，所以本人給予3星',3,'2023-01-18 01:03:07.000'),(373,4037,6,'這個商品還不錯，但有地方仍需改善，所以本人給予3星',3,'2023-01-18 01:03:07.000'),(374,4037,2,'這個商品用過都說讚，所以本人給予4星',4,'2023-01-18 01:03:07.000'),(375,4037,5,'這個商品還不錯，但有地方仍需改善，所以本人給予3星',3,'2023-01-18 01:03:07.000'),(376,4037,7,'這個商品還不錯，但有地方仍需改善，所以本人給予3星',3,'2023-01-18 01:03:07.000'),(377,4037,3,'這個商品用過都說讚，所以本人給予4星',4,'2023-01-18 01:03:07.000'),(378,4037,1,'這個商品還不錯，但有地方仍需改善，所以本人給予3星',3,'2023-01-18 01:03:07.000'),(379,4037,4,'這個商品還不錯，但有地方仍需改善，所以本人給予3星',3,'2023-01-18 01:03:07.000'),(380,4037,1,'我覺得這個商品非常理想，所以本人給予5星',5,'2023-01-18 01:03:07.000'),(381,4037,7,'這個商品用過都說讚，所以本人給予4星',4,'2023-01-18 01:03:07.000'),(382,4038,2,'這個商品用過都說讚，所以本人給予4星',4,'2023-01-18 01:03:07.000'),(383,4038,5,'這個商品用過都說讚，所以本人給予4星',4,'2023-01-18 01:03:07.000'),(384,4038,5,'這個商品用過都說讚，所以本人給予4星',4,'2023-01-18 01:03:07.000'),(385,4038,2,'這個商品還不錯，但有地方仍需改善，所以本人給予3星',3,'2023-01-18 01:03:07.000'),(386,4038,2,'這個商品還不錯，但有地方仍需改善，所以本人給予3星',3,'2023-01-18 01:03:07.000'),(387,4038,2,'這個商品還不錯，但有地方仍需改善，所以本人給予3星',3,'2023-01-18 01:03:07.000'),(388,4038,3,'這個商品還不錯，但有地方仍需改善，所以本人給予3星',3,'2023-01-18 01:03:07.000'),(389,4038,1,'這個商品用過都說讚，所以本人給予4星',4,'2023-01-18 01:03:07.000'),(390,4038,4,'這個商品用過都說讚，所以本人給予4星',4,'2023-01-18 01:03:07.000'),(391,4038,3,'這個商品用過都說讚，所以本人給予4星',4,'2023-01-18 01:03:07.000'),(392,4039,2,'這個商品用過都說讚，所以本人給予4星',4,'2023-01-18 01:03:07.000'),(393,4039,1,'這個商品還不錯，但有地方仍需改善，所以本人給予3星',3,'2023-01-18 01:03:07.000'),(394,4039,3,'這個商品用過都說讚，所以本人給予4星',4,'2023-01-18 01:03:07.000'),(395,4039,7,'這個商品用過都說讚，所以本人給予4星',4,'2023-01-18 01:03:07.000'),(396,4039,2,'這個商品用過都說讚，所以本人給予4星',4,'2023-01-18 01:03:07.000'),(397,4039,2,'這個商品用過都說讚，所以本人給予4星',4,'2023-01-18 01:03:07.000'),(398,4039,5,'這個商品用過都說讚，所以本人給予4星',4,'2023-01-18 01:03:07.000'),(399,4039,6,'這個商品還不錯，但有地方仍需改善，所以本人給予3星',3,'2023-01-18 01:03:07.000'),(400,4039,7,'這個商品還不錯，但有地方仍需改善，所以本人給予3星',3,'2023-01-18 01:03:07.000'),(401,4039,1,'我覺得這個商品非常理想，所以本人給予5星',5,'2023-01-18 01:03:07.000'),(402,4040,6,'這個商品用過都說讚，所以本人給予4星',4,'2023-01-18 01:03:07.000'),(403,4040,5,'我覺得這個商品非常理想，所以本人給予5星',5,'2023-01-18 01:03:07.000'),(404,4040,7,'我覺得這個商品非常理想，所以本人給予5星',5,'2023-01-18 01:03:07.000'),(405,4040,7,'我覺得這個商品非常理想，所以本人給予5星',5,'2023-01-18 01:03:07.000'),(406,4040,5,'我覺得這個商品非常理想，所以本人給予5星',5,'2023-01-18 01:03:07.000'),(407,4040,3,'這個商品用過都說讚，所以本人給予4星',4,'2023-01-18 01:03:07.000'),(408,4040,5,'這個商品還不錯，但有地方仍需改善，所以本人給予3星',3,'2023-01-18 01:03:07.000'),(409,4040,3,'這個商品用過都說讚，所以本人給予4星',4,'2023-01-18 01:03:07.000'),(410,4040,6,'這個商品還不錯，但有地方仍需改善，所以本人給予3星',3,'2023-01-18 01:03:07.000'),(411,4041,7,'這個商品用過都說讚，所以本人給予4星',4,'2023-01-18 01:03:07.000'),(412,4041,2,'這個商品還不錯，但有地方仍需改善，所以本人給予3星',3,'2023-01-18 01:03:07.000'),(413,4041,4,'這個商品還不錯，但有地方仍需改善，所以本人給予3星',3,'2023-01-18 01:03:07.000'),(414,4041,7,'這個商品用過都說讚，所以本人給予4星',4,'2023-01-18 01:03:07.000'),(415,4041,7,'這個商品用過都說讚，所以本人給予4星',4,'2023-01-18 01:03:07.000'),(416,4041,2,'這個商品還不錯，但有地方仍需改善，所以本人給予3星',3,'2023-01-18 01:03:07.000'),(417,4041,7,'我覺得這個商品非常理想，所以本人給予5星',5,'2023-01-18 01:03:07.000'),(418,4041,3,'這個商品還不錯，但有地方仍需改善，所以本人給予3星',3,'2023-01-18 01:03:07.000'),(419,4041,4,'這個商品用過都說讚，所以本人給予4星',4,'2023-01-18 01:03:07.000'),(420,4041,6,'我覺得這個商品非常理想，所以本人給予5星',5,'2023-01-18 01:03:07.000'),(421,101,5,'這個商品用過都說讚，所以本人給予4星',4,'2023-01-18 01:10:05.000'),(422,101,4,'這個商品用過都說讚，所以本人給予4星',4,'2023-01-18 01:10:05.000'),(423,101,4,'這個商品還不錯，但有地方仍需改善，所以本人給予3星',3,'2023-01-18 01:10:05.000'),(424,101,1,'這個商品用過都說讚，所以本人給予4星',4,'2023-01-18 01:10:05.000'),(425,101,7,'這個商品還不錯，但有地方仍需改善，所以本人給予3星',3,'2023-01-18 01:10:05.000'),(426,101,4,'我覺得這個商品非常理想，所以本人給予5星',5,'2023-01-18 01:10:05.000'),(427,101,3,'這個商品用過都說讚，所以本人給予4星',4,'2023-01-18 01:10:05.000'),(428,101,4,'這個商品用過都說讚，所以本人給予4星',4,'2023-01-18 01:10:05.000'),(429,101,3,'我覺得這個商品非常理想，所以本人給予5星',5,'2023-01-18 01:10:05.000'),(430,101,1,'這個商品還不錯，但有地方仍需改善，所以本人給予3星',3,'2023-01-18 01:10:05.000'),(431,102,4,'我覺得這個商品非常理想，所以本人給予5星',5,'2023-01-18 01:10:05.000'),(432,102,3,'我覺得這個商品非常理想，所以本人給予5星',5,'2023-01-18 01:10:05.000'),(433,102,7,'這個商品用過都說讚，所以本人給予4星',4,'2023-01-18 01:10:05.000'),(434,102,1,'這個商品用過都說讚，所以本人給予4星',4,'2023-01-18 01:10:05.000'),(435,102,2,'我覺得這個商品非常理想，所以本人給予5星',5,'2023-01-18 01:10:05.000'),(436,102,6,'這個商品用過都說讚，所以本人給予4星',4,'2023-01-18 01:10:05.000'),(437,102,4,'我覺得這個商品非常理想，所以本人給予5星',5,'2023-01-18 01:10:05.000'),(438,102,2,'這個商品用過都說讚，所以本人給予4星',4,'2023-01-18 01:10:05.000'),(439,102,4,'這個商品還不錯，但有地方仍需改善，所以本人給予3星',3,'2023-01-18 01:10:05.000'),(440,102,6,'這個商品還不錯，但有地方仍需改善，所以本人給予3星',3,'2023-01-18 01:10:05.000'),(441,103,5,'這個商品還不錯，但有地方仍需改善，所以本人給予3星',3,'2023-01-18 01:10:05.000'),(442,103,4,'這個商品用過都說讚，所以本人給予4星',4,'2023-01-18 01:10:05.000'),(443,103,7,'這個商品還不錯，但有地方仍需改善，所以本人給予3星',3,'2023-01-18 01:10:05.000'),(444,103,6,'這個商品用過都說讚，所以本人給予4星',4,'2023-01-18 01:10:05.000'),(445,103,4,'這個商品還不錯，但有地方仍需改善，所以本人給予3星',3,'2023-01-18 01:10:05.000'),(446,103,2,'這個商品用過都說讚，所以本人給予4星',4,'2023-01-18 01:10:05.000'),(447,103,2,'這個商品用過都說讚，所以本人給予4星',4,'2023-01-18 01:10:05.000'),(448,103,4,'這個商品還不錯，但有地方仍需改善，所以本人給予3星',3,'2023-01-18 01:10:05.000'),(449,103,1,'我覺得這個商品非常理想，所以本人給予5星',5,'2023-01-18 01:10:05.000'),(450,103,7,'我覺得這個商品非常理想，所以本人給予5星',5,'2023-01-18 01:10:05.000'),(451,104,4,'這個商品還不錯，但有地方仍需改善，所以本人給予3星',3,'2023-01-18 01:10:05.000'),(452,104,2,'這個商品用過都說讚，所以本人給予4星',4,'2023-01-18 01:10:05.000'),(453,104,1,'我覺得這個商品非常理想，所以本人給予5星',5,'2023-01-18 01:10:05.000'),(454,104,5,'這個商品還不錯，但有地方仍需改善，所以本人給予3星',3,'2023-01-18 01:10:05.000'),(455,104,2,'這個商品還不錯，但有地方仍需改善，所以本人給予3星',3,'2023-01-18 01:10:05.000'),(456,104,6,'我覺得這個商品非常理想，所以本人給予5星',5,'2023-01-18 01:10:05.000'),(457,104,4,'我覺得這個商品非常理想，所以本人給予5星',5,'2023-01-18 01:10:05.000'),(458,104,3,'我覺得這個商品非常理想，所以本人給予5星',5,'2023-01-18 01:10:05.000'),(459,104,7,'這個商品還不錯，但有地方仍需改善，所以本人給予3星',3,'2023-01-18 01:10:05.000'),(460,104,4,'我覺得這個商品非常理想，所以本人給予5星',5,'2023-01-18 01:10:05.000'),(461,105,6,'我覺得這個商品非常理想，所以本人給予5星',5,'2023-01-18 01:10:05.000'),(462,105,3,'這個商品用過都說讚，所以本人給予4星',4,'2023-01-18 01:10:05.000'),(463,105,6,'這個商品不太推薦，所以本人給予2星',2,'2023-01-18 01:10:05.000'),(464,105,5,'我覺得這個商品非常理想，所以本人給予5星',5,'2023-01-18 01:10:05.000'),(465,105,5,'這個商品用過都說讚，所以本人給予4星',4,'2023-01-18 01:10:05.000'),(466,105,2,'這個商品還不錯，但有地方仍需改善，所以本人給予3星',3,'2023-01-18 01:10:05.000'),(467,105,3,'這個商品還不錯，但有地方仍需改善，所以本人給予3星',3,'2023-01-18 01:10:05.000'),(468,105,3,'這個商品用過都說讚，所以本人給予4星',4,'2023-01-18 01:10:05.000'),(469,105,3,'這個商品還不錯，但有地方仍需改善，所以本人給予3星',3,'2023-01-18 01:10:05.000'),(470,105,6,'這個商品用過都說讚，所以本人給予4星',4,'2023-01-18 01:10:05.000'),(471,106,1,'這個商品還不錯，但有地方仍需改善，所以本人給予3星',3,'2023-01-18 01:10:05.000'),(472,106,7,'我覺得這個商品非常理想，所以本人給予5星',5,'2023-01-18 01:10:05.000'),(473,106,4,'我覺得這個商品非常理想，所以本人給予5星',5,'2023-01-18 01:10:05.000'),(474,106,4,'這個商品用過都說讚，所以本人給予4星',4,'2023-01-18 01:10:05.000'),(475,106,7,'這個商品用過都說讚，所以本人給予4星',4,'2023-01-18 01:10:05.000'),(476,106,4,'這個商品用過都說讚，所以本人給予4星',4,'2023-01-18 01:10:05.000'),(477,106,4,'這個商品還不錯，但有地方仍需改善，所以本人給予3星',3,'2023-01-18 01:10:05.000'),(478,106,6,'這個商品用過都說讚，所以本人給予4星',4,'2023-01-18 01:10:05.000'),(479,106,5,'這個商品用過都說讚，所以本人給予4星',4,'2023-01-18 01:10:05.000'),(480,106,1,'這個商品用過都說讚，所以本人給予4星',4,'2023-01-18 01:10:05.000'),(481,107,4,'這個商品還不錯，但有地方仍需改善，所以本人給予3星',3,'2023-01-18 01:10:05.000'),(482,107,1,'這個商品還不錯，但有地方仍需改善，所以本人給予3星',3,'2023-01-18 01:10:05.000'),(483,107,1,'這個商品用過都說讚，所以本人給予4星',4,'2023-01-18 01:10:05.000'),(484,107,6,'這個商品用過都說讚，所以本人給予4星',4,'2023-01-18 01:10:05.000'),(485,107,7,'這個商品還不錯，但有地方仍需改善，所以本人給予3星',3,'2023-01-18 01:10:05.000'),(486,107,4,'我覺得這個商品非常理想，所以本人給予5星',5,'2023-01-18 01:10:05.000'),(487,107,3,'這個商品用過都說讚，所以本人給予4星',4,'2023-01-18 01:10:05.000'),(488,107,2,'這個商品用過都說讚，所以本人給予4星',4,'2023-01-18 01:10:05.000'),(489,107,1,'我覺得這個商品非常理想，所以本人給予5星',5,'2023-01-18 01:10:05.000'),(490,107,5,'這個商品用過都說讚，所以本人給予4星',4,'2023-01-18 01:10:05.000'),(491,108,1,'這個商品還不錯，但有地方仍需改善，所以本人給予3星',3,'2023-01-18 01:10:05.000'),(492,108,2,'這個商品還不錯，但有地方仍需改善，所以本人給予3星',3,'2023-01-18 01:10:05.000'),(493,108,2,'這個商品用過都說讚，所以本人給予4星',4,'2023-01-18 01:10:05.000'),(494,108,4,'這個商品用過都說讚，所以本人給予4星',4,'2023-01-18 01:10:05.000'),(495,108,7,'這個商品還不錯，但有地方仍需改善，所以本人給予3星',3,'2023-01-18 01:10:05.000'),(496,108,7,'這個商品還不錯，但有地方仍需改善，所以本人給予3星',3,'2023-01-18 01:10:05.000'),(497,108,7,'這個商品還不錯，但有地方仍需改善，所以本人給予3星',3,'2023-01-18 01:10:05.000'),(498,108,4,'這個商品用過都說讚，所以本人給予4星',4,'2023-01-18 01:10:05.000'),(499,108,2,'這個商品還不錯，但有地方仍需改善，所以本人給予3星',3,'2023-01-18 01:10:05.000'),(500,108,2,'這個商品用過都說讚，所以本人給予4星',4,'2023-01-18 01:10:05.000'),(501,109,4,'這個商品用過都說讚，所以本人給予4星',4,'2023-01-18 01:10:05.000'),(502,109,7,'這個商品用過都說讚，所以本人給予4星',4,'2023-01-18 01:10:05.000'),(503,109,1,'這個商品用過都說讚，所以本人給予4星',4,'2023-01-18 01:10:05.000'),(504,109,5,'這個商品還不錯，但有地方仍需改善，所以本人給予3星',3,'2023-01-18 01:10:05.000'),(505,109,7,'這個商品還不錯，但有地方仍需改善，所以本人給予3星',3,'2023-01-18 01:10:05.000'),(506,109,5,'這個商品用過都說讚，所以本人給予4星',4,'2023-01-18 01:10:05.000'),(507,109,3,'我覺得這個商品非常理想，所以本人給予5星',5,'2023-01-18 01:10:05.000'),(508,109,7,'我覺得這個商品非常理想，所以本人給予5星',5,'2023-01-18 01:10:05.000'),(509,109,5,'我覺得這個商品非常理想，所以本人給予5星',5,'2023-01-18 01:10:05.000'),(510,109,4,'這個商品還不錯，但有地方仍需改善，所以本人給予3星',3,'2023-01-18 01:10:05.000'),(511,1010,3,'這個商品還不錯，但有地方仍需改善，所以本人給予3星',3,'2023-01-18 01:10:05.000'),(512,1010,5,'我覺得這個商品非常理想，所以本人給予5星',5,'2023-01-18 01:10:05.000'),(513,1010,7,'這個商品還不錯，但有地方仍需改善，所以本人給予3星',3,'2023-01-18 01:10:05.000'),(514,1010,6,'這個商品用過都說讚，所以本人給予4星',4,'2023-01-18 01:10:05.000'),(515,1010,7,'我覺得這個商品非常理想，所以本人給予5星',5,'2023-01-18 01:10:05.000'),(516,1010,5,'這個商品還不錯，但有地方仍需改善，所以本人給予3星',3,'2023-01-18 01:10:05.000'),(517,1010,3,'我覺得這個商品非常理想，所以本人給予5星',5,'2023-01-18 01:10:05.000'),(518,1010,4,'我覺得這個商品非常理想，所以本人給予5星',5,'2023-01-18 01:10:05.000'),(519,1010,6,'這個商品用過都說讚，所以本人給予4星',4,'2023-01-18 01:10:05.000'),(520,1011,1,'這個商品用過都說讚，所以本人給予4星',4,'2023-01-18 01:10:05.000'),(521,1011,2,'我覺得這個商品非常理想，所以本人給予5星',5,'2023-01-18 01:10:05.000'),(522,1011,6,'這個商品還不錯，但有地方仍需改善，所以本人給予3星',3,'2023-01-18 01:10:05.000'),(523,1011,5,'這個商品用過都說讚，所以本人給予4星',4,'2023-01-18 01:10:05.000'),(524,1011,4,'這個商品用過都說讚，所以本人給予4星',4,'2023-01-18 01:10:05.000'),(525,1011,3,'這個商品還不錯，但有地方仍需改善，所以本人給予3星',3,'2023-01-18 01:10:05.000'),(526,1011,6,'這個商品不太推薦，所以本人給予2星',2,'2023-01-18 01:10:05.000'),(527,1011,5,'這個商品還不錯，但有地方仍需改善，所以本人給予3星',3,'2023-01-18 01:10:05.000'),(528,1011,1,'我覺得這個商品非常理想，所以本人給予5星',5,'2023-01-18 01:10:05.000'),(529,1011,2,'我覺得這個商品非常理想，所以本人給予5星',5,'2023-01-18 01:10:05.000'),(530,1012,1,'這個商品用過都說讚，所以本人給予4星',4,'2023-01-18 01:10:05.000'),(531,1012,6,'我覺得這個商品非常理想，所以本人給予5星',5,'2023-01-18 01:10:05.000'),(532,1012,3,'這個商品用過都說讚，所以本人給予4星',4,'2023-01-18 01:10:05.000'),(533,1012,6,'這個商品用過都說讚，所以本人給予4星',4,'2023-01-18 01:10:05.000'),(534,1012,4,'這個商品用過都說讚，所以本人給予4星',4,'2023-01-18 01:10:05.000'),(535,1012,2,'我覺得這個商品非常理想，所以本人給予5星',5,'2023-01-18 01:10:05.000'),(536,1012,4,'這個商品還不錯，但有地方仍需改善，所以本人給予3星',3,'2023-01-18 01:10:05.000'),(537,1012,2,'這個商品還不錯，但有地方仍需改善，所以本人給予3星',3,'2023-01-18 01:10:05.000'),(538,1012,3,'我覺得這個商品非常理想，所以本人給予5星',5,'2023-01-18 01:10:05.000'),(539,1012,2,'這個商品用過都說讚，所以本人給予4星',4,'2023-01-18 01:10:05.000'),(540,1013,7,'這個商品還不錯，但有地方仍需改善，所以本人給予3星',3,'2023-01-18 01:10:05.000'),(541,1013,7,'我覺得這個商品非常理想，所以本人給予5星',5,'2023-01-18 01:10:05.000'),(542,1013,6,'我覺得這個商品非常理想，所以本人給予5星',5,'2023-01-18 01:10:05.000'),(543,1013,4,'這個商品還不錯，但有地方仍需改善，所以本人給予3星',3,'2023-01-18 01:10:05.000'),(544,1013,2,'這個商品用過都說讚，所以本人給予4星',4,'2023-01-18 01:10:05.000'),(545,1013,2,'我覺得這個商品非常理想，所以本人給予5星',5,'2023-01-18 01:10:05.000'),(546,1013,3,'這個商品還不錯，但有地方仍需改善，所以本人給予3星',3,'2023-01-18 01:10:05.000'),(547,1013,1,'這個商品用過都說讚，所以本人給予4星',4,'2023-01-18 01:10:05.000'),(548,1013,6,'這個商品用過都說讚，所以本人給予4星',4,'2023-01-18 01:10:05.000'),(549,1013,2,'我覺得這個商品非常理想，所以本人給予5星',5,'2023-01-18 01:10:05.000'),(550,1014,7,'這個商品還不錯，但有地方仍需改善，所以本人給予3星',3,'2023-01-18 01:10:05.000'),(551,1014,1,'這個商品用過都說讚，所以本人給予4星',4,'2023-01-18 01:10:05.000'),(552,1014,5,'這個商品不太推薦，所以本人給予2星',2,'2023-01-18 01:10:05.000'),(553,1014,5,'這個商品不太推薦，所以本人給予2星',2,'2023-01-18 01:10:05.000'),(554,1014,4,'這個商品還不錯，但有地方仍需改善，所以本人給予3星',3,'2023-01-18 01:10:06.000'),(555,1014,6,'這個商品用過都說讚，所以本人給予4星',4,'2023-01-18 01:10:06.000'),(556,1014,4,'這個商品用過都說讚，所以本人給予4星',4,'2023-01-18 01:10:06.000'),(557,1014,6,'我覺得這個商品非常理想，所以本人給予5星',5,'2023-01-18 01:10:06.000'),(558,1014,6,'我覺得這個商品非常理想，所以本人給予5星',5,'2023-01-18 01:10:06.000'),(559,1014,3,'這個商品用過都說讚，所以本人給予4星',4,'2023-01-18 01:10:06.000'),(560,1015,5,'這個商品還不錯，但有地方仍需改善，所以本人給予3星',3,'2023-01-18 01:10:06.000'),(561,1015,6,'這個商品用過都說讚，所以本人給予4星',4,'2023-01-18 01:10:06.000'),(562,1015,7,'這個商品還不錯，但有地方仍需改善，所以本人給予3星',3,'2023-01-18 01:10:06.000'),(563,1015,5,'這個商品不太推薦，所以本人給予2星',2,'2023-01-18 01:10:06.000'),(564,1015,3,'這個商品還不錯，但有地方仍需改善，所以本人給予3星',3,'2023-01-18 01:10:06.000'),(565,1015,6,'我覺得這個商品非常理想，所以本人給予5星',5,'2023-01-18 01:10:06.000'),(566,1015,5,'我覺得這個商品非常理想，所以本人給予5星',5,'2023-01-18 01:10:06.000'),(567,1015,6,'這個商品還不錯，但有地方仍需改善，所以本人給予3星',3,'2023-01-18 01:10:06.000'),(568,1015,3,'這個商品還不錯，但有地方仍需改善，所以本人給予3星',3,'2023-01-18 01:10:06.000'),(569,1015,4,'這個商品用過都說讚，所以本人給予4星',4,'2023-01-18 01:10:06.000'),(570,1016,3,'這個商品用過都說讚，所以本人給予4星',4,'2023-01-18 01:10:06.000'),(571,1016,7,'這個商品還不錯，但有地方仍需改善，所以本人給予3星',3,'2023-01-18 01:10:06.000'),(572,1016,6,'這個商品用過都說讚，所以本人給予4星',4,'2023-01-18 01:10:06.000'),(573,1016,3,'這個商品還不錯，但有地方仍需改善，所以本人給予3星',3,'2023-01-18 01:10:06.000'),(574,1016,2,'我覺得這個商品非常理想，所以本人給予5星',5,'2023-01-18 01:10:06.000'),(575,1016,7,'我覺得這個商品非常理想，所以本人給予5星',5,'2023-01-18 01:10:06.000'),(576,1016,1,'這個商品用過都說讚，所以本人給予4星',4,'2023-01-18 01:10:06.000'),(577,1016,4,'我覺得這個商品非常理想，所以本人給予5星',5,'2023-01-18 01:10:06.000'),(578,1016,3,'這個商品用過都說讚，所以本人給予4星',4,'2023-01-18 01:10:06.000'),(579,1016,3,'我覺得這個商品非常理想，所以本人給予5星',5,'2023-01-18 01:10:06.000'),(580,1017,4,'這個商品還不錯，但有地方仍需改善，所以本人給予3星',3,'2023-01-18 01:10:06.000'),(581,1017,5,'這個商品還不錯，但有地方仍需改善，所以本人給予3星',3,'2023-01-18 01:10:06.000'),(582,1017,5,'這個商品用過都說讚，所以本人給予4星',4,'2023-01-18 01:10:06.000'),(583,1017,2,'我覺得這個商品非常理想，所以本人給予5星',5,'2023-01-18 01:10:06.000'),(584,1017,4,'這個商品不太推薦，所以本人給予2星',2,'2023-01-18 01:10:06.000'),(585,1017,4,'這個商品用過都說讚，所以本人給予4星',4,'2023-01-18 01:10:06.000'),(586,1017,6,'我覺得這個商品非常理想，所以本人給予5星',5,'2023-01-18 01:10:06.000'),(587,1017,5,'我覺得這個商品非常理想，所以本人給予5星',5,'2023-01-18 01:10:06.000'),(588,1017,7,'這個商品用過都說讚，所以本人給予4星',4,'2023-01-18 01:10:06.000'),(589,1017,7,'我覺得這個商品非常理想，所以本人給予5星',5,'2023-01-18 01:10:06.000'),(590,1018,6,'這個商品還不錯，但有地方仍需改善，所以本人給予3星',3,'2023-01-18 01:10:06.000'),(591,1018,1,'這個商品用過都說讚，所以本人給予4星',4,'2023-01-18 01:10:06.000'),(592,1018,6,'我覺得這個商品非常理想，所以本人給予5星',5,'2023-01-18 01:10:06.000'),(593,1018,4,'這個商品還不錯，但有地方仍需改善，所以本人給予3星',3,'2023-01-18 01:10:06.000'),(594,1018,5,'這個商品用過都說讚，所以本人給予4星',4,'2023-01-18 01:10:06.000'),(595,1018,4,'這個商品用過都說讚，所以本人給予4星',4,'2023-01-18 01:10:06.000'),(596,1018,5,'我覺得這個商品非常理想，所以本人給予5星',5,'2023-01-18 01:10:06.000'),(597,1018,4,'我覺得這個商品非常理想，所以本人給予5星',5,'2023-01-18 01:10:06.000'),(598,1018,5,'這個商品用過都說讚，所以本人給予4星',4,'2023-01-18 01:10:06.000'),(599,1018,7,'這個商品還不錯，但有地方仍需改善，所以本人給予3星',3,'2023-01-18 01:10:06.000'),(600,1019,6,'我覺得這個商品非常理想，所以本人給予5星',5,'2023-01-18 01:10:06.000'),(601,1019,2,'這個商品還不錯，但有地方仍需改善，所以本人給予3星',3,'2023-01-18 01:10:06.000'),(602,1019,5,'我覺得這個商品非常理想，所以本人給予5星',5,'2023-01-18 01:10:06.000'),(603,1019,4,'這個商品用過都說讚，所以本人給予4星',4,'2023-01-18 01:10:06.000'),(604,1019,4,'這個商品用過都說讚，所以本人給予4星',4,'2023-01-18 01:10:06.000'),(605,1019,7,'這個商品用過都說讚，所以本人給予4星',4,'2023-01-18 01:10:06.000'),(606,1019,7,'這個商品不太推薦，所以本人給予2星',2,'2023-01-18 01:10:06.000'),(607,1019,3,'這個商品用過都說讚，所以本人給予4星',4,'2023-01-18 01:10:06.000'),(608,1019,5,'這個商品用過都說讚，所以本人給予4星',4,'2023-01-18 01:10:06.000'),(609,1019,2,'這個商品用過都說讚，所以本人給予4星',4,'2023-01-18 01:10:06.000'),(610,1020,1,'這個商品還不錯，但有地方仍需改善，所以本人給予3星',3,'2023-01-18 01:10:06.000'),(611,1020,6,'這個商品不太推薦，所以本人給予2星',2,'2023-01-18 01:10:06.000'),(612,1020,5,'這個商品還不錯，但有地方仍需改善，所以本人給予3星',3,'2023-01-18 01:10:06.000'),(613,1020,1,'這個商品不太推薦，所以本人給予2星',2,'2023-01-18 01:10:06.000'),(614,1020,3,'我覺得這個商品非常理想，所以本人給予5星',5,'2023-01-18 01:10:06.000'),(615,1020,4,'我覺得這個商品非常理想，所以本人給予5星',5,'2023-01-18 01:10:06.000'),(616,1020,4,'這個商品還不錯，但有地方仍需改善，所以本人給予3星',3,'2023-01-18 01:10:06.000'),(617,1020,2,'我覺得這個商品非常理想，所以本人給予5星',5,'2023-01-18 01:10:06.000'),(618,1021,1,'我覺得這個商品非常理想，所以本人給予5星',5,'2023-01-18 01:10:06.000'),(619,1021,1,'這個商品用過都說讚，所以本人給予4星',4,'2023-01-18 01:10:06.000'),(620,1021,2,'我覺得這個商品非常理想，所以本人給予5星',5,'2023-01-18 01:10:06.000'),(621,1021,6,'我覺得這個商品非常理想，所以本人給予5星',5,'2023-01-18 01:10:06.000'),(622,1021,1,'這個商品用過都說讚，所以本人給予4星',4,'2023-01-18 01:10:06.000'),(623,1021,3,'我覺得這個商品非常理想，所以本人給予5星',5,'2023-01-18 01:10:06.000'),(624,1021,3,'我覺得這個商品非常理想，所以本人給予5星',5,'2023-01-18 01:10:06.000'),(625,1021,7,'這個商品還不錯，但有地方仍需改善，所以本人給予3星',3,'2023-01-18 01:10:06.000'),(626,1021,5,'我覺得這個商品非常理想，所以本人給予5星',5,'2023-01-18 01:10:06.000'),(627,1021,4,'我覺得這個商品非常理想，所以本人給予5星',5,'2023-01-18 01:10:06.000'),(628,1022,4,'這個商品還不錯，但有地方仍需改善，所以本人給予3星',3,'2023-01-18 01:10:06.000'),(629,1022,7,'這個商品還不錯，但有地方仍需改善，所以本人給予3星',3,'2023-01-18 01:10:06.000'),(630,1022,2,'這個商品用過都說讚，所以本人給予4星',4,'2023-01-18 01:10:06.000'),(631,1022,2,'這個商品還不錯，但有地方仍需改善，所以本人給予3星',3,'2023-01-18 01:10:06.000'),(632,1022,2,'這個商品還不錯，但有地方仍需改善，所以本人給予3星',3,'2023-01-18 01:10:06.000'),(633,1022,5,'這個商品用過都說讚，所以本人給予4星',4,'2023-01-18 01:10:06.000'),(634,1022,3,'這個商品用過都說讚，所以本人給予4星',4,'2023-01-18 01:10:06.000'),(635,1022,7,'我覺得這個商品非常理想，所以本人給予5星',5,'2023-01-18 01:10:06.000'),(636,1022,6,'這個商品還不錯，但有地方仍需改善，所以本人給予3星',3,'2023-01-18 01:10:06.000'),(637,1022,3,'這個商品用過都說讚，所以本人給予4星',4,'2023-01-18 01:10:06.000'),(638,1023,1,'我覺得這個商品非常理想，所以本人給予5星',5,'2023-01-18 01:10:06.000'),(639,1023,2,'這個商品還不錯，但有地方仍需改善，所以本人給予3星',3,'2023-01-18 01:10:06.000'),(640,1023,2,'這個商品還不錯，但有地方仍需改善，所以本人給予3星',3,'2023-01-18 01:10:06.000'),(641,1023,4,'這個商品用過都說讚，所以本人給予4星',4,'2023-01-18 01:10:06.000'),(642,1023,6,'這個商品用過都說讚，所以本人給予4星',4,'2023-01-18 01:10:06.000'),(643,1023,1,'這個商品用過都說讚，所以本人給予4星',4,'2023-01-18 01:10:06.000'),(644,1023,2,'這個商品用過都說讚，所以本人給予4星',4,'2023-01-18 01:10:06.000'),(645,1023,7,'我覺得這個商品非常理想，所以本人給予5星',5,'2023-01-18 01:10:06.000'),(646,1023,7,'我覺得這個商品非常理想，所以本人給予5星',5,'2023-01-18 01:10:06.000'),(647,1023,1,'這個商品用過都說讚，所以本人給予4星',4,'2023-01-18 01:10:06.000'),(648,1024,2,'這個商品用過都說讚，所以本人給予4星',4,'2023-01-18 01:10:06.000'),(649,1024,6,'這個商品用過都說讚，所以本人給予4星',4,'2023-01-18 01:10:06.000'),(650,1024,2,'這個商品用過都說讚，所以本人給予4星',4,'2023-01-18 01:10:06.000'),(651,1024,5,'我覺得這個商品非常理想，所以本人給予5星',5,'2023-01-18 01:10:06.000'),(652,1024,6,'這個商品還不錯，但有地方仍需改善，所以本人給予3星',3,'2023-01-18 01:10:06.000'),(653,1024,6,'這個商品用過都說讚，所以本人給予4星',4,'2023-01-18 01:10:06.000'),(654,1024,6,'這個商品不太推薦，所以本人給予2星',2,'2023-01-18 01:10:06.000'),(655,1024,5,'這個商品用過都說讚，所以本人給予4星',4,'2023-01-18 01:10:06.000'),(656,1024,6,'這個商品用過都說讚，所以本人給予4星',4,'2023-01-18 01:10:06.000'),(657,1024,5,'這個商品還不錯，但有地方仍需改善，所以本人給予3星',3,'2023-01-18 01:10:06.000'),(658,1025,3,'我覺得這個商品非常理想，所以本人給予5星',5,'2023-01-18 01:10:06.000'),(659,1025,3,'我覺得這個商品非常理想，所以本人給予5星',5,'2023-01-18 01:10:06.000'),(660,1025,1,'這個商品用過都說讚，所以本人給予4星',4,'2023-01-18 01:10:06.000'),(661,1025,3,'這個商品不太推薦，所以本人給予2星',2,'2023-01-18 01:10:06.000'),(662,1025,5,'這個商品用過都說讚，所以本人給予4星',4,'2023-01-18 01:10:06.000'),(663,1025,2,'這個商品還不錯，但有地方仍需改善，所以本人給予3星',3,'2023-01-18 01:10:06.000'),(664,1025,1,'我覺得這個商品非常理想，所以本人給予5星',5,'2023-01-18 01:10:06.000'),(665,1025,5,'這個商品用過都說讚，所以本人給予4星',4,'2023-01-18 01:10:06.000'),(666,1025,1,'這個商品還不錯，但有地方仍需改善，所以本人給予3星',3,'2023-01-18 01:10:06.000'),(667,1026,3,'這個商品用過都說讚，所以本人給予4星',4,'2023-01-18 01:10:06.000'),(668,1026,4,'這個商品還不錯，但有地方仍需改善，所以本人給予3星',3,'2023-01-18 01:10:06.000'),(669,1026,5,'這個商品還不錯，但有地方仍需改善，所以本人給予3星',3,'2023-01-18 01:10:06.000'),(670,1026,6,'這個商品還不錯，但有地方仍需改善，所以本人給予3星',3,'2023-01-18 01:10:06.000'),(671,1026,6,'這個商品用過都說讚，所以本人給予4星',4,'2023-01-18 01:10:06.000'),(672,1026,6,'我覺得這個商品非常理想，所以本人給予5星',5,'2023-01-18 01:10:06.000'),(673,1026,2,'這個商品用過都說讚，所以本人給予4星',4,'2023-01-18 01:10:06.000'),(674,1026,5,'我覺得這個商品非常理想，所以本人給予5星',5,'2023-01-18 01:10:06.000'),(675,1026,1,'我覺得這個商品非常理想，所以本人給予5星',5,'2023-01-18 01:10:06.000'),(676,1027,7,'我覺得這個商品非常理想，所以本人給予5星',5,'2023-01-18 01:10:06.000'),(677,1027,5,'我覺得這個商品非常理想，所以本人給予5星',5,'2023-01-18 01:10:06.000'),(678,1027,4,'這個商品用過都說讚，所以本人給予4星',4,'2023-01-18 01:10:06.000'),(679,1027,4,'這個商品用過都說讚，所以本人給予4星',4,'2023-01-18 01:10:06.000'),(680,1027,7,'這個商品用過都說讚，所以本人給予4星',4,'2023-01-18 01:10:06.000'),(681,1027,2,'這個商品用過都說讚，所以本人給予4星',4,'2023-01-18 01:10:06.000'),(682,1027,7,'我覺得這個商品非常理想，所以本人給予5星',5,'2023-01-18 01:10:06.000'),(683,1027,4,'我覺得這個商品非常理想，所以本人給予5星',5,'2023-01-18 01:10:06.000'),(684,1027,5,'我覺得這個商品非常理想，所以本人給予5星',5,'2023-01-18 01:10:06.000'),(685,1027,6,'這個商品用過都說讚，所以本人給予4星',4,'2023-01-18 01:10:06.000'),(686,1028,2,'我覺得這個商品非常理想，所以本人給予5星',5,'2023-01-18 01:10:06.000'),(687,1028,3,'這個商品不太推薦，所以本人給予2星',2,'2023-01-18 01:10:06.000'),(688,1028,2,'這個商品用過都說讚，所以本人給予4星',4,'2023-01-18 01:10:06.000'),(689,1028,6,'這個商品不太推薦，所以本人給予2星',2,'2023-01-18 01:10:06.000'),(690,1028,5,'這個商品用過都說讚，所以本人給予4星',4,'2023-01-18 01:10:06.000'),(691,1028,7,'我覺得這個商品非常理想，所以本人給予5星',5,'2023-01-18 01:10:06.000'),(692,1028,4,'這個商品不太推薦，所以本人給予2星',2,'2023-01-18 01:10:06.000'),(693,1028,4,'這個商品還不錯，但有地方仍需改善，所以本人給予3星',3,'2023-01-18 01:10:06.000'),(694,1028,2,'這個商品用過都說讚，所以本人給予4星',4,'2023-01-18 01:10:06.000'),(695,1029,5,'我覺得這個商品非常理想，所以本人給予5星',5,'2023-01-18 01:10:06.000'),(696,1029,4,'這個商品用過都說讚，所以本人給予4星',4,'2023-01-18 01:10:06.000'),(697,1029,5,'我覺得這個商品非常理想，所以本人給予5星',5,'2023-01-18 01:10:06.000'),(698,1029,6,'這個商品還不錯，但有地方仍需改善，所以本人給予3星',3,'2023-01-18 01:10:06.000'),(699,1029,6,'這個商品用過都說讚，所以本人給予4星',4,'2023-01-18 01:10:06.000'),(700,1029,7,'這個商品還不錯，但有地方仍需改善，所以本人給予3星',3,'2023-01-18 01:10:06.000'),(701,1029,1,'這個商品用過都說讚，所以本人給予4星',4,'2023-01-18 01:10:06.000'),(702,1029,5,'我覺得這個商品非常理想，所以本人給予5星',5,'2023-01-18 01:10:06.000'),(703,1029,2,'我覺得這個商品非常理想，所以本人給予5星',5,'2023-01-18 01:10:06.000'),(704,1029,7,'我覺得這個商品非常理想，所以本人給予5星',5,'2023-01-18 01:10:06.000'),(705,1030,6,'這個商品還不錯，但有地方仍需改善，所以本人給予3星',3,'2023-01-18 01:10:06.000'),(706,1030,3,'這個商品不太推薦，所以本人給予2星',2,'2023-01-18 01:10:06.000'),(707,1030,3,'這個商品還不錯，但有地方仍需改善，所以本人給予3星',3,'2023-01-18 01:10:06.000'),(708,1030,5,'我覺得這個商品非常理想，所以本人給予5星',5,'2023-01-18 01:10:06.000'),(709,1030,3,'這個商品還不錯，但有地方仍需改善，所以本人給予3星',3,'2023-01-18 01:10:06.000'),(710,1030,6,'這個商品用過都說讚，所以本人給予4星',4,'2023-01-18 01:10:06.000'),(711,1030,5,'這個商品不太推薦，所以本人給予2星',2,'2023-01-18 01:10:06.000'),(712,1030,1,'我覺得這個商品非常理想，所以本人給予5星',5,'2023-01-18 01:10:06.000'),(713,1030,2,'這個商品用過都說讚，所以本人給予4星',4,'2023-01-18 01:10:06.000'),(714,1030,2,'我覺得這個商品非常理想，所以本人給予5星',5,'2023-01-18 01:10:06.000'),(715,1031,1,'我覺得這個商品非常理想，所以本人給予5星',5,'2023-01-18 01:10:06.000'),(716,1031,1,'這個商品用過都說讚，所以本人給予4星',4,'2023-01-18 01:10:06.000'),(717,1031,5,'這個商品還不錯，但有地方仍需改善，所以本人給予3星',3,'2023-01-18 01:10:06.000'),(718,1031,4,'這個商品不太推薦，所以本人給予2星',2,'2023-01-18 01:10:06.000'),(719,1031,3,'這個商品用過都說讚，所以本人給予4星',4,'2023-01-18 01:10:06.000'),(720,1031,3,'這個商品還不錯，但有地方仍需改善，所以本人給予3星',3,'2023-01-18 01:10:06.000'),(721,1031,6,'這個商品用過都說讚，所以本人給予4星',4,'2023-01-18 01:10:06.000'),(722,1031,7,'這個商品用過都說讚，所以本人給予4星',4,'2023-01-18 01:10:06.000'),(723,1031,4,'這個商品還不錯，但有地方仍需改善，所以本人給予3星',3,'2023-01-18 01:10:06.000'),(724,1031,3,'我覺得這個商品非常理想，所以本人給予5星',5,'2023-01-18 01:10:06.000'),(725,1032,3,'這個商品用過都說讚，所以本人給予4星',4,'2023-01-18 01:10:06.000'),(726,1032,5,'這個商品還不錯，但有地方仍需改善，所以本人給予3星',3,'2023-01-18 01:10:06.000'),(727,1032,3,'這個商品不太推薦，所以本人給予2星',2,'2023-01-18 01:10:06.000'),(728,1032,4,'這個商品用過都說讚，所以本人給予4星',4,'2023-01-18 01:10:06.000'),(729,1032,4,'這個商品用過都說讚，所以本人給予4星',4,'2023-01-18 01:10:06.000'),(730,1032,7,'這個商品用過都說讚，所以本人給予4星',4,'2023-01-18 01:10:06.000'),(731,1032,7,'這個商品還不錯，但有地方仍需改善，所以本人給予3星',3,'2023-01-18 01:10:06.000'),(732,1032,3,'我覺得這個商品非常理想，所以本人給予5星',5,'2023-01-18 01:10:06.000'),(733,1032,6,'這個商品用過都說讚，所以本人給予4星',4,'2023-01-18 01:10:06.000'),(734,1032,7,'我覺得這個商品非常理想，所以本人給予5星',5,'2023-01-18 01:10:06.000'),(735,1033,3,'這個商品還不錯，但有地方仍需改善，所以本人給予3星',3,'2023-01-18 01:10:06.000'),(736,1033,7,'我覺得這個商品非常理想，所以本人給予5星',5,'2023-01-18 01:10:06.000'),(737,1033,5,'我覺得這個商品非常理想，所以本人給予5星',5,'2023-01-18 01:10:06.000'),(738,1033,3,'這個商品用過都說讚，所以本人給予4星',4,'2023-01-18 01:10:06.000'),(739,1033,5,'這個商品還不錯，但有地方仍需改善，所以本人給予3星',3,'2023-01-18 01:10:06.000'),(740,1033,1,'這個商品還不錯，但有地方仍需改善，所以本人給予3星',3,'2023-01-18 01:10:06.000'),(741,1033,3,'這個商品不太推薦，所以本人給予2星',2,'2023-01-18 01:10:06.000'),(742,1033,4,'這個商品還不錯，但有地方仍需改善，所以本人給予3星',3,'2023-01-18 01:10:06.000'),(743,1033,7,'這個商品不太推薦，所以本人給予2星',2,'2023-01-18 01:10:06.000'),(744,1033,5,'這個商品用過都說讚，所以本人給予4星',4,'2023-01-18 01:10:06.000'),(745,1034,7,'這個商品不太推薦，所以本人給予2星',2,'2023-01-18 01:10:06.000'),(746,1034,2,'我覺得這個商品非常理想，所以本人給予5星',5,'2023-01-18 01:10:06.000'),(747,1034,4,'這個商品用過都說讚，所以本人給予4星',4,'2023-01-18 01:10:06.000'),(748,1034,6,'這個商品不太推薦，所以本人給予2星',2,'2023-01-18 01:10:06.000'),(749,1034,3,'這個商品用過都說讚，所以本人給予4星',4,'2023-01-18 01:10:06.000'),(750,1034,5,'這個商品用過都說讚，所以本人給予4星',4,'2023-01-18 01:10:06.000'),(751,1034,7,'我覺得這個商品非常理想，所以本人給予5星',5,'2023-01-18 01:10:06.000'),(752,1034,5,'這個商品還不錯，但有地方仍需改善，所以本人給予3星',3,'2023-01-18 01:10:06.000'),(753,1034,3,'這個商品用過都說讚，所以本人給予4星',4,'2023-01-18 01:10:06.000'),(754,1034,7,'這個商品用過都說讚，所以本人給予4星',4,'2023-01-18 01:10:06.000'),(755,1035,3,'這個商品還不錯，但有地方仍需改善，所以本人給予3星',3,'2023-01-18 01:10:06.000'),(756,1035,3,'我覺得這個商品非常理想，所以本人給予5星',5,'2023-01-18 01:10:06.000'),(757,1035,6,'這個商品還不錯，但有地方仍需改善，所以本人給予3星',3,'2023-01-18 01:10:06.000'),(758,1035,7,'我覺得這個商品非常理想，所以本人給予5星',5,'2023-01-18 01:10:06.000'),(759,1035,6,'我覺得這個商品非常理想，所以本人給予5星',5,'2023-01-18 01:10:06.000'),(760,1035,5,'我覺得這個商品非常理想，所以本人給予5星',5,'2023-01-18 01:10:06.000'),(761,1035,5,'這個商品用過都說讚，所以本人給予4星',4,'2023-01-18 01:10:06.000'),(762,1035,1,'這個商品還不錯，但有地方仍需改善，所以本人給予3星',3,'2023-01-18 01:10:06.000'),(763,1035,6,'這個商品還不錯，但有地方仍需改善，所以本人給予3星',3,'2023-01-18 01:10:06.000'),(764,1035,6,'這個商品不太推薦，所以本人給予2星',2,'2023-01-18 01:10:06.000'),(765,1036,6,'這個商品還不錯，但有地方仍需改善，所以本人給予3星',3,'2023-01-18 01:10:06.000'),(766,1036,1,'這個商品用過都說讚，所以本人給予4星',4,'2023-01-18 01:10:06.000'),(767,1036,1,'這個商品還不錯，但有地方仍需改善，所以本人給予3星',3,'2023-01-18 01:10:06.000'),(768,1036,7,'我覺得這個商品非常理想，所以本人給予5星',5,'2023-01-18 01:10:06.000'),(769,1036,6,'我覺得這個商品非常理想，所以本人給予5星',5,'2023-01-18 01:10:06.000'),(770,1036,2,'這個商品用過都說讚，所以本人給予4星',4,'2023-01-18 01:10:06.000'),(771,1036,6,'我覺得這個商品非常理想，所以本人給予5星',5,'2023-01-18 01:10:06.000'),(772,1036,1,'這個商品用過都說讚，所以本人給予4星',4,'2023-01-18 01:10:06.000'),(773,1036,2,'這個商品還不錯，但有地方仍需改善，所以本人給予3星',3,'2023-01-18 01:10:06.000'),(774,1036,6,'這個商品還不錯，但有地方仍需改善，所以本人給予3星',3,'2023-01-18 01:10:06.000'),(775,1037,7,'這個商品還不錯，但有地方仍需改善，所以本人給予3星',3,'2023-01-18 01:10:06.000'),(776,1037,5,'這個商品還不錯，但有地方仍需改善，所以本人給予3星',3,'2023-01-18 01:10:06.000'),(777,1037,2,'這個商品用過都說讚，所以本人給予4星',4,'2023-01-18 01:10:06.000'),(778,1037,3,'這個商品還不錯，但有地方仍需改善，所以本人給予3星',3,'2023-01-18 01:10:06.000'),(779,1037,1,'這個商品用過都說讚，所以本人給予4星',4,'2023-01-18 01:10:06.000'),(780,1037,3,'這個商品用過都說讚，所以本人給予4星',4,'2023-01-18 01:10:06.000'),(781,1037,6,'這個商品用過都說讚，所以本人給予4星',4,'2023-01-18 01:10:06.000'),(782,1037,5,'我覺得這個商品非常理想，所以本人給予5星',5,'2023-01-18 01:10:06.000'),(783,1037,5,'這個商品還不錯，但有地方仍需改善，所以本人給予3星',3,'2023-01-18 01:10:06.000'),(784,1038,3,'我覺得這個商品非常理想，所以本人給予5星',5,'2023-01-18 01:10:06.000'),(785,1038,1,'這個商品用過都說讚，所以本人給予4星',4,'2023-01-18 01:10:06.000'),(786,1038,3,'我覺得這個商品非常理想，所以本人給予5星',5,'2023-01-18 01:10:06.000'),(787,1038,2,'這個商品用過都說讚，所以本人給予4星',4,'2023-01-18 01:10:06.000'),(788,1038,1,'我覺得這個商品非常理想，所以本人給予5星',5,'2023-01-18 01:10:06.000'),(789,1038,4,'這個商品用過都說讚，所以本人給予4星',4,'2023-01-18 01:10:06.000'),(790,1038,5,'我覺得這個商品非常理想，所以本人給予5星',5,'2023-01-18 01:10:06.000'),(791,1038,3,'我覺得這個商品非常理想，所以本人給予5星',5,'2023-01-18 01:10:06.000'),(792,1038,2,'這個商品用過都說讚，所以本人給予4星',4,'2023-01-18 01:10:06.000'),(793,1039,1,'這個商品用過都說讚，所以本人給予4星',4,'2023-01-18 01:10:06.000'),(794,1039,3,'我覺得這個商品非常理想，所以本人給予5星',5,'2023-01-18 01:10:06.000'),(795,1039,4,'這個商品還不錯，但有地方仍需改善，所以本人給予3星',3,'2023-01-18 01:10:06.000'),(796,1039,6,'我覺得這個商品非常理想，所以本人給予5星',5,'2023-01-18 01:10:06.000'),(797,1039,2,'這個商品還不錯，但有地方仍需改善，所以本人給予3星',3,'2023-01-18 01:10:06.000'),(798,1039,5,'我覺得這個商品非常理想，所以本人給予5星',5,'2023-01-18 01:10:06.000'),(799,1039,4,'這個商品用過都說讚，所以本人給予4星',4,'2023-01-18 01:10:06.000'),(800,1039,6,'這個商品用過都說讚，所以本人給予4星',4,'2023-01-18 01:10:06.000'),(801,1039,3,'這個商品還不錯，但有地方仍需改善，所以本人給予3星',3,'2023-01-18 01:10:06.000'),(802,1039,3,'這個商品用過都說讚，所以本人給予4星',4,'2023-01-18 01:10:06.000'),(803,1040,7,'這個商品還不錯，但有地方仍需改善，所以本人給予3星',3,'2023-01-18 01:10:06.000'),(804,1040,3,'我覺得這個商品非常理想，所以本人給予5星',5,'2023-01-18 01:10:06.000'),(805,1040,2,'我覺得這個商品非常理想，所以本人給予5星',5,'2023-01-18 01:10:06.000'),(806,1040,5,'這個商品還不錯，但有地方仍需改善，所以本人給予3星',3,'2023-01-18 01:10:06.000'),(807,1040,5,'這個商品用過都說讚，所以本人給予4星',4,'2023-01-18 01:10:06.000'),(808,1040,4,'這個商品不太推薦，所以本人給予2星',2,'2023-01-18 01:10:06.000'),(809,1040,3,'我覺得這個商品非常理想，所以本人給予5星',5,'2023-01-18 01:10:06.000'),(810,1040,4,'這個商品用過都說讚，所以本人給予4星',4,'2023-01-18 01:10:06.000'),(811,1040,3,'這個商品用過都說讚，所以本人給予4星',4,'2023-01-18 01:10:06.000'),(812,1040,4,'這個商品用過都說讚，所以本人給予4星',4,'2023-01-18 01:10:06.000'),(813,1041,3,'這個商品用過都說讚，所以本人給予4星',4,'2023-01-18 01:10:06.000'),(814,1041,3,'這個商品用過都說讚，所以本人給予4星',4,'2023-01-18 01:10:06.000'),(815,1041,6,'這個商品用過都說讚，所以本人給予4星',4,'2023-01-18 01:10:06.000'),(816,1041,1,'這個商品用過都說讚，所以本人給予4星',4,'2023-01-18 01:10:06.000'),(817,1041,5,'這個商品還不錯，但有地方仍需改善，所以本人給予3星',3,'2023-01-18 01:10:06.000'),(818,1041,7,'這個商品用過都說讚，所以本人給予4星',4,'2023-01-18 01:10:06.000'),(819,1041,5,'這個商品用過都說讚，所以本人給予4星',4,'2023-01-18 01:10:06.000'),(820,1041,4,'我覺得這個商品非常理想，所以本人給予5星',5,'2023-01-18 01:10:06.000'),(821,1041,3,'我覺得這個商品非常理想，所以本人給予5星',5,'2023-01-18 01:10:06.000'),(822,1041,5,'我覺得這個商品非常理想，所以本人給予5星',5,'2023-01-18 01:10:06.000'),(823,1042,1,'這個商品用過都說讚，所以本人給予4星',4,'2023-01-18 01:10:06.000'),(824,1042,5,'這個商品還不錯，但有地方仍需改善，所以本人給予3星',3,'2023-01-18 01:10:06.000'),(825,1042,7,'這個商品用過都說讚，所以本人給予4星',4,'2023-01-18 01:10:06.000'),(826,1042,6,'這個商品還不錯，但有地方仍需改善，所以本人給予3星',3,'2023-01-18 01:10:06.000'),(827,1042,3,'這個商品用過都說讚，所以本人給予4星',4,'2023-01-18 01:10:06.000'),(828,1042,7,'這個商品還不錯，但有地方仍需改善，所以本人給予3星',3,'2023-01-18 01:10:06.000'),(829,1042,7,'我覺得這個商品非常理想，所以本人給予5星',5,'2023-01-18 01:10:06.000'),(830,1042,6,'這個商品用過都說讚，所以本人給予4星',4,'2023-01-18 01:10:06.000'),(831,1042,2,'我覺得這個商品非常理想，所以本人給予5星',5,'2023-01-18 01:10:06.000'),(832,1042,6,'我覺得這個商品非常理想，所以本人給予5星',5,'2023-01-18 01:10:06.000'),(833,201,2,'我覺得這個商品非常理想，所以本人給予5星',5,'2023-01-18 01:11:40.000'),(834,201,6,'這個商品用過都說讚，所以本人給予4星',4,'2023-01-18 01:11:40.000'),(835,201,7,'這個商品用過都說讚，所以本人給予4星',4,'2023-01-18 01:11:40.000'),(836,201,6,'這個商品還不錯，但有地方仍需改善，所以本人給予3星',3,'2023-01-18 01:11:40.000'),(837,201,5,'這個商品還不錯，但有地方仍需改善，所以本人給予3星',3,'2023-01-18 01:11:40.000'),(838,201,1,'這個商品用過都說讚，所以本人給予4星',4,'2023-01-18 01:11:40.000'),(839,201,3,'這個商品用過都說讚，所以本人給予4星',4,'2023-01-18 01:11:40.000'),(840,201,6,'這個商品用過都說讚，所以本人給予4星',4,'2023-01-18 01:11:40.000'),(841,201,7,'這個商品用過都說讚，所以本人給予4星',4,'2023-01-18 01:11:40.000'),(842,201,7,'這個商品還不錯，但有地方仍需改善，所以本人給予3星',3,'2023-01-18 01:11:40.000'),(843,202,1,'這個商品還不錯，但有地方仍需改善，所以本人給予3星',3,'2023-01-18 01:11:40.000'),(844,202,5,'這個商品用過都說讚，所以本人給予4星',4,'2023-01-18 01:11:40.000'),(845,202,7,'這個商品還不錯，但有地方仍需改善，所以本人給予3星',3,'2023-01-18 01:11:40.000'),(846,202,6,'我覺得這個商品非常理想，所以本人給予5星',5,'2023-01-18 01:11:40.000'),(847,202,2,'我覺得這個商品非常理想，所以本人給予5星',5,'2023-01-18 01:11:40.000'),(848,202,6,'這個商品用過都說讚，所以本人給予4星',4,'2023-01-18 01:11:40.000'),(849,202,7,'這個商品還不錯，但有地方仍需改善，所以本人給予3星',3,'2023-01-18 01:11:40.000'),(850,202,4,'我覺得這個商品非常理想，所以本人給予5星',5,'2023-01-18 01:11:40.000'),(851,202,4,'這個商品用過都說讚，所以本人給予4星',4,'2023-01-18 01:11:40.000'),(852,202,1,'我覺得這個商品非常理想，所以本人給予5星',5,'2023-01-18 01:11:40.000'),(853,203,7,'這個商品還不錯，但有地方仍需改善，所以本人給予3星',3,'2023-01-18 01:11:40.000'),(854,203,1,'這個商品還不錯，但有地方仍需改善，所以本人給予3星',3,'2023-01-18 01:11:40.000'),(855,203,1,'我覺得這個商品非常理想，所以本人給予5星',5,'2023-01-18 01:11:40.000'),(856,203,5,'這個商品還不錯，但有地方仍需改善，所以本人給予3星',3,'2023-01-18 01:11:40.000'),(857,203,3,'這個商品用過都說讚，所以本人給予4星',4,'2023-01-18 01:11:40.000'),(858,203,1,'這個商品用過都說讚，所以本人給予4星',4,'2023-01-18 01:11:40.000'),(859,203,7,'這個商品用過都說讚，所以本人給予4星',4,'2023-01-18 01:11:40.000'),(860,203,3,'這個商品還不錯，但有地方仍需改善，所以本人給予3星',3,'2023-01-18 01:11:40.000'),(861,203,7,'我覺得這個商品非常理想，所以本人給予5星',5,'2023-01-18 01:11:40.000'),(862,2015,6,'這個商品還不錯，但有地方仍需改善，所以本人給予3星',3,'2023-01-18 01:11:40.000'),(863,2015,3,'這個商品用過都說讚，所以本人給予4星',4,'2023-01-18 01:11:40.000'),(864,2015,1,'我覺得這個商品非常理想，所以本人給予5星',5,'2023-01-18 01:11:40.000'),(865,2015,4,'這個商品用過都說讚，所以本人給予4星',4,'2023-01-18 01:11:40.000'),(866,2015,3,'這個商品用過都說讚，所以本人給予4星',4,'2023-01-18 01:11:40.000'),(867,2015,3,'我覺得這個商品非常理想，所以本人給予5星',5,'2023-01-18 01:11:40.000'),(868,2015,4,'這個商品用過都說讚，所以本人給予4星',4,'2023-01-18 01:11:40.000'),(869,2015,2,'這個商品還不錯，但有地方仍需改善，所以本人給予3星',3,'2023-01-18 01:11:40.000'),(870,2015,7,'這個商品用過都說讚，所以本人給予4星',4,'2023-01-18 01:11:40.000'),(871,2015,2,'這個商品還不錯，但有地方仍需改善，所以本人給予3星',3,'2023-01-18 01:11:40.000'),(872,2019,7,'這個商品還不錯，但有地方仍需改善，所以本人給予3星',3,'2023-01-18 01:11:40.000'),(873,2019,2,'這個商品不太推薦，所以本人給予2星',2,'2023-01-18 01:11:40.000'),(874,2019,4,'我覺得這個商品非常理想，所以本人給予5星',5,'2023-01-18 01:11:40.000'),(875,2019,4,'這個商品用過都說讚，所以本人給予4星',4,'2023-01-18 01:11:40.000'),(876,2019,1,'我覺得這個商品非常理想，所以本人給予5星',5,'2023-01-18 01:11:40.000'),(877,2019,6,'這個商品還不錯，但有地方仍需改善，所以本人給予3星',3,'2023-01-18 01:11:40.000'),(878,2019,1,'這個商品還不錯，但有地方仍需改善，所以本人給予3星',3,'2023-01-18 01:11:40.000'),(879,2019,6,'這個商品用過都說讚，所以本人給予4星',4,'2023-01-18 01:11:40.000'),(880,2019,6,'我覺得這個商品非常理想，所以本人給予5星',5,'2023-01-18 01:11:40.000'),(881,2019,2,'這個商品還不錯，但有地方仍需改善，所以本人給予3星',3,'2023-01-18 01:11:40.000'),(882,2020,1,'我覺得這個商品非常理想，所以本人給予5星',5,'2023-01-18 01:11:40.000'),(883,2020,3,'我覺得這個商品非常理想，所以本人給予5星',5,'2023-01-18 01:11:40.000'),(884,2020,6,'我覺得這個商品非常理想，所以本人給予5星',5,'2023-01-18 01:11:40.000'),(885,2020,6,'這個商品用過都說讚，所以本人給予4星',4,'2023-01-18 01:11:40.000'),(886,2020,3,'這個商品還不錯，但有地方仍需改善，所以本人給予3星',3,'2023-01-18 01:11:40.000'),(887,2020,5,'這個商品還不錯，但有地方仍需改善，所以本人給予3星',3,'2023-01-18 01:11:40.000'),(888,2020,1,'我覺得這個商品非常理想，所以本人給予5星',5,'2023-01-18 01:11:40.000'),(889,2020,4,'我覺得這個商品非常理想，所以本人給予5星',5,'2023-01-18 01:11:40.000'),(890,2020,4,'這個商品用過都說讚，所以本人給予4星',4,'2023-01-18 01:11:40.000'),(891,2021,5,'我覺得這個商品非常理想，所以本人給予5星',5,'2023-01-18 01:11:40.000'),(892,2021,1,'這個商品用過都說讚，所以本人給予4星',4,'2023-01-18 01:11:40.000'),(893,2021,1,'我覺得這個商品非常理想，所以本人給予5星',5,'2023-01-18 01:11:40.000'),(894,2021,3,'我覺得這個商品非常理想，所以本人給予5星',5,'2023-01-18 01:11:40.000'),(895,2021,6,'這個商品還不錯，但有地方仍需改善，所以本人給予3星',3,'2023-01-18 01:11:40.000'),(896,2021,4,'我覺得這個商品非常理想，所以本人給予5星',5,'2023-01-18 01:11:40.000'),(897,2021,2,'這個商品還不錯，但有地方仍需改善，所以本人給予3星',3,'2023-01-18 01:11:40.000'),(898,2021,4,'這個商品用過都說讚，所以本人給予4星',4,'2023-01-18 01:11:40.000'),(899,2021,6,'我覺得這個商品非常理想，所以本人給予5星',5,'2023-01-18 01:11:40.000'),(900,2021,5,'這個商品用過都說讚，所以本人給予4星',4,'2023-01-18 01:11:40.000'),(901,2022,4,'這個商品用過都說讚，所以本人給予4星',4,'2023-01-18 01:11:40.000'),(902,2022,6,'這個商品還不錯，但有地方仍需改善，所以本人給予3星',3,'2023-01-18 01:11:40.000'),(903,2022,5,'我覺得這個商品非常理想，所以本人給予5星',5,'2023-01-18 01:11:40.000'),(904,2022,3,'這個商品用過都說讚，所以本人給予4星',4,'2023-01-18 01:11:40.000'),(905,2022,3,'這個商品用過都說讚，所以本人給予4星',4,'2023-01-18 01:11:40.000'),(906,2022,4,'我覺得這個商品非常理想，所以本人給予5星',5,'2023-01-18 01:11:40.000'),(907,2022,6,'這個商品用過都說讚，所以本人給予4星',4,'2023-01-18 01:11:40.000'),(908,2022,7,'我覺得這個商品非常理想，所以本人給予5星',5,'2023-01-18 01:11:40.000'),(909,2022,4,'這個商品還不錯，但有地方仍需改善，所以本人給予3星',3,'2023-01-18 01:11:40.000'),(910,2023,1,'這個商品不太推薦，所以本人給予2星',2,'2023-01-18 01:11:40.000'),(911,2023,3,'這個商品用過都說讚，所以本人給予4星',4,'2023-01-18 01:11:40.000'),(912,2023,4,'我覺得這個商品非常理想，所以本人給予5星',5,'2023-01-18 01:11:40.000'),(913,2023,3,'我覺得這個商品非常理想，所以本人給予5星',5,'2023-01-18 01:11:40.000'),(914,2023,4,'我覺得這個商品非常理想，所以本人給予5星',5,'2023-01-18 01:11:40.000'),(915,2023,2,'我覺得這個商品非常理想，所以本人給予5星',5,'2023-01-18 01:11:40.000'),(916,2023,5,'我覺得這個商品非常理想，所以本人給予5星',5,'2023-01-18 01:11:40.000'),(917,2023,3,'我覺得這個商品非常理想，所以本人給予5星',5,'2023-01-18 01:11:40.000'),(918,2023,1,'這個商品用過都說讚，所以本人給予4星',4,'2023-01-18 01:11:40.000'),(919,2023,7,'這個商品還不錯，但有地方仍需改善，所以本人給予3星',3,'2023-01-18 01:11:40.000'),(920,2024,7,'我覺得這個商品非常理想，所以本人給予5星',5,'2023-01-18 01:11:40.000'),(921,2024,3,'這個商品用過都說讚，所以本人給予4星',4,'2023-01-18 01:11:40.000'),(922,2024,3,'這個商品還不錯，但有地方仍需改善，所以本人給予3星',3,'2023-01-18 01:11:40.000'),(923,2024,4,'我覺得這個商品非常理想，所以本人給予5星',5,'2023-01-18 01:11:40.000'),(924,2024,4,'這個商品不太推薦，所以本人給予2星',2,'2023-01-18 01:11:40.000'),(925,2024,2,'這個商品用過都說讚，所以本人給予4星',4,'2023-01-18 01:11:40.000'),(926,2024,5,'這個商品還不錯，但有地方仍需改善，所以本人給予3星',3,'2023-01-18 01:11:40.000'),(927,2024,3,'這個商品還不錯，但有地方仍需改善，所以本人給予3星',3,'2023-01-18 01:11:40.000'),(928,2024,1,'這個商品還不錯，但有地方仍需改善，所以本人給予3星',3,'2023-01-18 01:11:40.000'),(929,2024,1,'我覺得這個商品非常理想，所以本人給予5星',5,'2023-01-18 01:11:40.000'),(930,2025,3,'這個商品還不錯，但有地方仍需改善，所以本人給予3星',3,'2023-01-18 01:11:40.000'),(931,2025,3,'我覺得這個商品非常理想，所以本人給予5星',5,'2023-01-18 01:11:40.000'),(932,2025,1,'我覺得這個商品非常理想，所以本人給予5星',5,'2023-01-18 01:11:40.000'),(933,2025,6,'這個商品還不錯，但有地方仍需改善，所以本人給予3星',3,'2023-01-18 01:11:40.000'),(934,2025,2,'這個商品用過都說讚，所以本人給予4星',4,'2023-01-18 01:11:40.000'),(935,2025,4,'我覺得這個商品非常理想，所以本人給予5星',5,'2023-01-18 01:11:40.000'),(936,2025,5,'我覺得這個商品非常理想，所以本人給予5星',5,'2023-01-18 01:11:40.000'),(937,2025,2,'這個商品用過都說讚，所以本人給予4星',4,'2023-01-18 01:11:40.000'),(938,2025,5,'這個商品還不錯，但有地方仍需改善，所以本人給予3星',3,'2023-01-18 01:11:40.000'),(939,2025,1,'這個商品不太推薦，所以本人給予2星',2,'2023-01-18 01:11:40.000'),(940,2026,2,'這個商品不太推薦，所以本人給予2星',2,'2023-01-18 01:11:40.000'),(941,2026,4,'這個商品不太推薦，所以本人給予2星',2,'2023-01-18 01:11:40.000'),(942,2026,3,'我覺得這個商品非常理想，所以本人給予5星',5,'2023-01-18 01:11:40.000'),(943,2026,7,'我覺得這個商品非常理想，所以本人給予5星',5,'2023-01-18 01:11:40.000'),(944,2026,4,'這個商品還不錯，但有地方仍需改善，所以本人給予3星',3,'2023-01-18 01:11:40.000'),(945,2026,5,'這個商品用過都說讚，所以本人給予4星',4,'2023-01-18 01:11:40.000'),(946,2026,2,'這個商品用過都說讚，所以本人給予4星',4,'2023-01-18 01:11:40.000'),(947,2026,5,'這個商品還不錯，但有地方仍需改善，所以本人給予3星',3,'2023-01-18 01:11:40.000'),(948,2026,6,'這個商品還不錯，但有地方仍需改善，所以本人給予3星',3,'2023-01-18 01:11:40.000'),(949,2027,2,'我覺得這個商品非常理想，所以本人給予5星',5,'2023-01-18 01:11:40.000'),(950,2027,3,'這個商品用過都說讚，所以本人給予4星',4,'2023-01-18 01:11:40.000'),(951,2027,4,'我覺得這個商品非常理想，所以本人給予5星',5,'2023-01-18 01:11:40.000'),(952,2027,1,'我覺得這個商品非常理想，所以本人給予5星',5,'2023-01-18 01:11:40.000'),(953,2027,6,'這個商品用過都說讚，所以本人給予4星',4,'2023-01-18 01:11:40.000'),(954,2027,7,'這個商品還不錯，但有地方仍需改善，所以本人給予3星',3,'2023-01-18 01:11:40.000'),(955,2027,1,'這個商品還不錯，但有地方仍需改善，所以本人給予3星',3,'2023-01-18 01:11:40.000'),(956,2027,6,'我覺得這個商品非常理想，所以本人給予5星',5,'2023-01-18 01:11:40.000'),(957,2027,6,'這個商品還不錯，但有地方仍需改善，所以本人給予3星',3,'2023-01-18 01:11:40.000'),(958,2028,5,'這個商品用過都說讚，所以本人給予4星',4,'2023-01-18 01:11:40.000'),(959,2028,5,'這個商品用過都說讚，所以本人給予4星',4,'2023-01-18 01:11:40.000'),(960,2028,1,'這個商品用過都說讚，所以本人給予4星',4,'2023-01-18 01:11:40.000'),(961,2028,6,'這個商品還不錯，但有地方仍需改善，所以本人給予3星',3,'2023-01-18 01:11:40.000'),(962,2028,4,'這個商品還不錯，但有地方仍需改善，所以本人給予3星',3,'2023-01-18 01:11:40.000'),(963,2028,4,'這個商品不太推薦，所以本人給予2星',2,'2023-01-18 01:11:40.000'),(964,2028,4,'我覺得這個商品非常理想，所以本人給予5星',5,'2023-01-18 01:11:40.000'),(965,2028,3,'這個商品用過都說讚，所以本人給予4星',4,'2023-01-18 01:11:40.000'),(966,2028,3,'這個商品用過都說讚，所以本人給予4星',4,'2023-01-18 01:11:40.000'),(967,2028,3,'我覺得這個商品非常理想，所以本人給予5星',5,'2023-01-18 01:11:40.000'),(968,2029,2,'這個商品用過都說讚，所以本人給予4星',4,'2023-01-18 01:11:40.000'),(969,2029,4,'這個商品不太推薦，所以本人給予2星',2,'2023-01-18 01:11:41.000'),(970,2029,1,'這個商品還不錯，但有地方仍需改善，所以本人給予3星',3,'2023-01-18 01:11:41.000'),(971,2029,1,'這個商品不太推薦，所以本人給予2星',2,'2023-01-18 01:11:41.000'),(972,2029,6,'我覺得這個商品非常理想，所以本人給予5星',5,'2023-01-18 01:11:41.000'),(973,2029,7,'這個商品用過都說讚，所以本人給予4星',4,'2023-01-18 01:11:41.000'),(974,2029,1,'這個商品用過都說讚，所以本人給予4星',4,'2023-01-18 01:11:41.000'),(975,2029,4,'這個商品還不錯，但有地方仍需改善，所以本人給予3星',3,'2023-01-18 01:11:41.000'),(976,2029,5,'這個商品用過都說讚，所以本人給予4星',4,'2023-01-18 01:11:41.000'),(977,2029,5,'這個商品不太推薦，所以本人給予2星',2,'2023-01-18 01:11:41.000'),(978,2030,2,'這個商品還不錯，但有地方仍需改善，所以本人給予3星',3,'2023-01-18 01:11:41.000'),(979,2030,1,'這個商品用過都說讚，所以本人給予4星',4,'2023-01-18 01:11:41.000'),(980,2030,4,'我覺得這個商品非常理想，所以本人給予5星',5,'2023-01-18 01:11:41.000'),(981,2030,4,'我覺得這個商品非常理想，所以本人給予5星',5,'2023-01-18 01:11:41.000'),(982,2030,1,'這個商品用過都說讚，所以本人給予4星',4,'2023-01-18 01:11:41.000'),(983,2030,7,'我覺得這個商品非常理想，所以本人給予5星',5,'2023-01-18 01:11:41.000'),(984,2030,4,'我覺得這個商品非常理想，所以本人給予5星',5,'2023-01-18 01:11:41.000'),(985,2030,6,'這個商品還不錯，但有地方仍需改善，所以本人給予3星',3,'2023-01-18 01:11:41.000'),(986,2030,4,'這個商品不太推薦，所以本人給予2星',2,'2023-01-18 01:11:41.000'),(987,2030,7,'我覺得這個商品非常理想，所以本人給予5星',5,'2023-01-18 01:11:41.000'),(988,2031,2,'我覺得這個商品非常理想，所以本人給予5星',5,'2023-01-18 01:11:41.000'),(989,2031,3,'我覺得這個商品非常理想，所以本人給予5星',5,'2023-01-18 01:11:41.000'),(990,2031,7,'這個商品用過都說讚，所以本人給予4星',4,'2023-01-18 01:11:41.000'),(991,2031,4,'這個商品用過都說讚，所以本人給予4星',4,'2023-01-18 01:11:41.000'),(992,2031,4,'這個商品還不錯，但有地方仍需改善，所以本人給予3星',3,'2023-01-18 01:11:41.000'),(993,2031,4,'我覺得這個商品非常理想，所以本人給予5星',5,'2023-01-18 01:11:41.000'),(994,2031,5,'這個商品還不錯，但有地方仍需改善，所以本人給予3星',3,'2023-01-18 01:11:41.000'),(995,2031,5,'我覺得這個商品非常理想，所以本人給予5星',5,'2023-01-18 01:11:41.000'),(996,2031,1,'這個商品用過都說讚，所以本人給予4星',4,'2023-01-18 01:11:41.000'),(997,2031,7,'我覺得這個商品非常理想，所以本人給予5星',5,'2023-01-18 01:11:41.000'),(998,2032,3,'這個商品還不錯，但有地方仍需改善，所以本人給予3星',3,'2023-01-18 01:11:41.000'),(999,2032,1,'我覺得這個商品非常理想，所以本人給予5星',5,'2023-01-18 01:11:41.000'),(1000,2032,1,'這個商品用過都說讚，所以本人給予4星',4,'2023-01-18 01:11:41.000'),(1001,2032,1,'這個商品用過都說讚，所以本人給予4星',4,'2023-01-18 01:11:41.000'),(1002,2032,4,'這個商品用過都說讚，所以本人給予4星',4,'2023-01-18 01:11:41.000'),(1003,2032,6,'這個商品用過都說讚，所以本人給予4星',4,'2023-01-18 01:11:41.000'),(1004,2032,7,'我覺得這個商品非常理想，所以本人給予5星',5,'2023-01-18 01:11:41.000'),(1005,2032,1,'這個商品用過都說讚，所以本人給予4星',4,'2023-01-18 01:11:41.000'),(1006,2032,6,'這個商品用過都說讚，所以本人給予4星',4,'2023-01-18 01:11:41.000'),(1007,2033,4,'這個商品用過都說讚，所以本人給予4星',4,'2023-01-18 01:11:41.000'),(1008,2033,1,'這個商品用過都說讚，所以本人給予4星',4,'2023-01-18 01:11:41.000'),(1009,2033,5,'我覺得這個商品非常理想，所以本人給予5星',5,'2023-01-18 01:11:41.000'),(1010,2033,4,'我覺得這個商品非常理想，所以本人給予5星',5,'2023-01-18 01:11:41.000'),(1011,2033,3,'這個商品用過都說讚，所以本人給予4星',4,'2023-01-18 01:11:41.000'),(1012,2033,4,'這個商品還不錯，但有地方仍需改善，所以本人給予3星',3,'2023-01-18 01:11:41.000'),(1013,2033,1,'這個商品還不錯，但有地方仍需改善，所以本人給予3星',3,'2023-01-18 01:11:41.000'),(1014,2033,2,'這個商品用過都說讚，所以本人給予4星',4,'2023-01-18 01:11:41.000'),(1015,2033,5,'這個商品用過都說讚，所以本人給予4星',4,'2023-01-18 01:11:41.000'),(1016,2033,6,'這個商品還不錯，但有地方仍需改善，所以本人給予3星',3,'2023-01-18 01:11:41.000'),(1017,2034,7,'我覺得這個商品非常理想，所以本人給予5星',5,'2023-01-18 01:11:41.000'),(1018,2034,4,'這個商品不太推薦，所以本人給予2星',2,'2023-01-18 01:11:41.000'),(1019,2034,2,'我覺得這個商品非常理想，所以本人給予5星',5,'2023-01-18 01:11:41.000'),(1020,2034,1,'我覺得這個商品非常理想，所以本人給予5星',5,'2023-01-18 01:11:41.000'),(1021,2034,3,'這個商品還不錯，但有地方仍需改善，所以本人給予3星',3,'2023-01-18 01:11:41.000'),(1022,2034,3,'這個商品還不錯，但有地方仍需改善，所以本人給予3星',3,'2023-01-18 01:11:41.000'),(1023,2034,2,'這個商品用過都說讚，所以本人給予4星',4,'2023-01-18 01:11:41.000'),(1024,2034,5,'這個商品還不錯，但有地方仍需改善，所以本人給予3星',3,'2023-01-18 01:11:41.000'),(1025,2034,6,'這個商品用過都說讚，所以本人給予4星',4,'2023-01-18 01:11:41.000'),(1026,2034,6,'這個商品用過都說讚，所以本人給予4星',4,'2023-01-18 01:11:41.000'),(1027,3017,4,'我覺得這個商品非常理想，所以本人給予5星',5,'2023-01-18 01:13:29.000'),(1028,3017,2,'我覺得這個商品非常理想，所以本人給予5星',5,'2023-01-18 01:13:29.000'),(1029,3017,4,'這個商品還不錯，但有地方仍需改善，所以本人給予3星',3,'2023-01-18 01:13:29.000'),(1030,3017,7,'我覺得這個商品非常理想，所以本人給予5星',5,'2023-01-18 01:13:29.000'),(1031,3017,3,'這個商品用過都說讚，所以本人給予4星',4,'2023-01-18 01:13:29.000'),(1032,3017,1,'這個商品用過都說讚，所以本人給予4星',4,'2023-01-18 01:13:29.000'),(1033,3017,1,'我覺得這個商品非常理想，所以本人給予5星',5,'2023-01-18 01:13:29.000'),(1034,3017,2,'這個商品不太推薦，所以本人給予2星',2,'2023-01-18 01:13:29.000'),(1035,3017,7,'這個商品還不錯，但有地方仍需改善，所以本人給予3星',3,'2023-01-18 01:13:29.000'),(1036,3017,7,'這個商品還不錯，但有地方仍需改善，所以本人給予3星',3,'2023-01-18 01:13:29.000'),(1037,3018,5,'這個商品用過都說讚，所以本人給予4星',4,'2023-01-18 01:13:29.000'),(1038,3018,6,'我覺得這個商品非常理想，所以本人給予5星',5,'2023-01-18 01:13:29.000'),(1039,3018,7,'我覺得這個商品非常理想，所以本人給予5星',5,'2023-01-18 01:13:29.000'),(1040,3018,4,'這個商品不太推薦，所以本人給予2星',2,'2023-01-18 01:13:29.000'),(1041,3018,5,'這個商品用過都說讚，所以本人給予4星',4,'2023-01-18 01:13:29.000'),(1042,3018,7,'我覺得這個商品非常理想，所以本人給予5星',5,'2023-01-18 01:13:29.000'),(1043,3018,3,'這個商品用過都說讚，所以本人給予4星',4,'2023-01-18 01:13:29.000'),(1044,3018,2,'這個商品用過都說讚，所以本人給予4星',4,'2023-01-18 01:13:29.000'),(1045,3018,1,'這個商品用過都說讚，所以本人給予4星',4,'2023-01-18 01:13:29.000'),(1046,3018,4,'我覺得這個商品非常理想，所以本人給予5星',5,'2023-01-18 01:13:29.000'),(1047,3019,4,'這個商品還不錯，但有地方仍需改善，所以本人給予3星',3,'2023-01-18 01:13:29.000'),(1048,3019,7,'這個商品用過都說讚，所以本人給予4星',4,'2023-01-18 01:13:29.000'),(1049,3019,7,'這個商品還不錯，但有地方仍需改善，所以本人給予3星',3,'2023-01-18 01:13:29.000'),(1050,3019,2,'這個商品還不錯，但有地方仍需改善，所以本人給予3星',3,'2023-01-18 01:13:29.000'),(1051,3019,6,'這個商品不太推薦，所以本人給予2星',2,'2023-01-18 01:13:29.000'),(1052,3019,6,'這個商品用過都說讚，所以本人給予4星',4,'2023-01-18 01:13:29.000'),(1053,3019,2,'我覺得這個商品非常理想，所以本人給予5星',5,'2023-01-18 01:13:29.000'),(1054,3019,5,'這個商品用過都說讚，所以本人給予4星',4,'2023-01-18 01:13:29.000'),(1055,3019,6,'這個商品還不錯，但有地方仍需改善，所以本人給予3星',3,'2023-01-18 01:13:29.000'),(1056,3020,6,'這個商品不太推薦，所以本人給予2星',2,'2023-01-18 01:13:29.000'),(1057,3020,7,'我覺得這個商品非常理想，所以本人給予5星',5,'2023-01-18 01:13:29.000'),(1058,3020,6,'我覺得這個商品非常理想，所以本人給予5星',5,'2023-01-18 01:13:29.000'),(1059,3020,4,'這個商品用過都說讚，所以本人給予4星',4,'2023-01-18 01:13:29.000'),(1060,3020,1,'我覺得這個商品非常理想，所以本人給予5星',5,'2023-01-18 01:13:29.000'),(1061,3020,1,'這個商品用過都說讚，所以本人給予4星',4,'2023-01-18 01:13:29.000'),(1062,3020,7,'這個商品用過都說讚，所以本人給予4星',4,'2023-01-18 01:13:29.000'),(1063,3020,5,'這個商品用過都說讚，所以本人給予4星',4,'2023-01-18 01:13:29.000'),(1064,3020,1,'我覺得這個商品非常理想，所以本人給予5星',5,'2023-01-18 01:13:29.000'),(1065,3020,5,'我覺得這個商品非常理想，所以本人給予5星',5,'2023-01-18 01:13:29.000'),(1066,3021,7,'我覺得這個商品非常理想，所以本人給予5星',5,'2023-01-18 01:13:29.000'),(1067,3021,5,'我覺得這個商品非常理想，所以本人給予5星',5,'2023-01-18 01:13:29.000'),(1068,3021,2,'這個商品用過都說讚，所以本人給予4星',4,'2023-01-18 01:13:29.000'),(1069,3021,5,'我覺得這個商品非常理想，所以本人給予5星',5,'2023-01-18 01:13:29.000'),(1070,3021,1,'這個商品還不錯，但有地方仍需改善，所以本人給予3星',3,'2023-01-18 01:13:29.000'),(1071,3021,7,'這個商品用過都說讚，所以本人給予4星',4,'2023-01-18 01:13:29.000'),(1072,3021,7,'我覺得這個商品非常理想，所以本人給予5星',5,'2023-01-18 01:13:29.000'),(1073,3021,3,'這個商品還不錯，但有地方仍需改善，所以本人給予3星',3,'2023-01-18 01:13:29.000'),(1074,3021,6,'我覺得這個商品非常理想，所以本人給予5星',5,'2023-01-18 01:13:29.000'),(1075,3021,6,'這個商品還不錯，但有地方仍需改善，所以本人給予3星',3,'2023-01-18 01:13:29.000'),(1076,3022,5,'這個商品還不錯，但有地方仍需改善，所以本人給予3星',3,'2023-01-18 01:13:29.000'),(1077,3022,6,'我覺得這個商品非常理想，所以本人給予5星',5,'2023-01-18 01:13:29.000'),(1078,3022,1,'我覺得這個商品非常理想，所以本人給予5星',5,'2023-01-18 01:13:29.000'),(1079,3022,2,'這個商品還不錯，但有地方仍需改善，所以本人給予3星',3,'2023-01-18 01:13:29.000'),(1080,3022,7,'這個商品還不錯，但有地方仍需改善，所以本人給予3星',3,'2023-01-18 01:13:29.000'),(1081,3022,1,'這個商品還不錯，但有地方仍需改善，所以本人給予3星',3,'2023-01-18 01:13:29.000'),(1082,3022,3,'這個商品用過都說讚，所以本人給予4星',4,'2023-01-18 01:13:29.000'),(1083,3022,6,'這個商品用過都說讚，所以本人給予4星',4,'2023-01-18 01:13:29.000'),(1084,3022,4,'這個商品用過都說讚，所以本人給予4星',4,'2023-01-18 01:13:29.000'),(1085,3022,3,'我覺得這個商品非常理想，所以本人給予5星',5,'2023-01-18 01:13:29.000'),(1086,3023,3,'這個商品用過都說讚，所以本人給予4星',4,'2023-01-18 01:13:29.000'),(1087,3023,5,'這個商品不太推薦，所以本人給予2星',2,'2023-01-18 01:13:29.000'),(1088,3023,1,'我覺得這個商品非常理想，所以本人給予5星',5,'2023-01-18 01:13:29.000'),(1089,3023,2,'這個商品用過都說讚，所以本人給予4星',4,'2023-01-18 01:13:29.000'),(1090,3023,1,'這個商品用過都說讚，所以本人給予4星',4,'2023-01-18 01:13:29.000'),(1091,3023,4,'我覺得這個商品非常理想，所以本人給予5星',5,'2023-01-18 01:13:29.000'),(1092,3023,2,'這個商品用過都說讚，所以本人給予4星',4,'2023-01-18 01:13:29.000'),(1093,3023,6,'這個商品不太推薦，所以本人給予2星',2,'2023-01-18 01:13:29.000'),(1094,3023,7,'這個商品用過都說讚，所以本人給予4星',4,'2023-01-18 01:13:29.000'),(1095,3023,5,'這個商品用過都說讚，所以本人給予4星',4,'2023-01-18 01:13:29.000'),(1096,3024,2,'我覺得這個商品非常理想，所以本人給予5星',5,'2023-01-18 01:13:29.000'),(1097,3024,4,'這個商品用過都說讚，所以本人給予4星',4,'2023-01-18 01:13:29.000'),(1098,3024,5,'這個商品還不錯，但有地方仍需改善，所以本人給予3星',3,'2023-01-18 01:13:29.000'),(1099,3024,6,'這個商品還不錯，但有地方仍需改善，所以本人給予3星',3,'2023-01-18 01:13:29.000'),(1100,3024,6,'這個商品用過都說讚，所以本人給予4星',4,'2023-01-18 01:13:29.000'),(1101,3024,7,'我覺得這個商品非常理想，所以本人給予5星',5,'2023-01-18 01:13:29.000'),(1102,3024,1,'這個商品還不錯，但有地方仍需改善，所以本人給予3星',3,'2023-01-18 01:13:29.000'),(1103,3024,6,'我覺得這個商品非常理想，所以本人給予5星',5,'2023-01-18 01:13:29.000'),(1104,3024,5,'這個商品不太推薦，所以本人給予2星',2,'2023-01-18 01:13:29.000'),(1105,3025,7,'我覺得這個商品非常理想，所以本人給予5星',5,'2023-01-18 01:13:29.000'),(1106,3025,3,'這個商品還不錯，但有地方仍需改善，所以本人給予3星',3,'2023-01-18 01:13:29.000'),(1107,3025,4,'我覺得這個商品非常理想，所以本人給予5星',5,'2023-01-18 01:13:29.000'),(1108,3025,2,'我覺得這個商品非常理想，所以本人給予5星',5,'2023-01-18 01:13:29.000'),(1109,3025,3,'這個商品用過都說讚，所以本人給予4星',4,'2023-01-18 01:13:29.000'),(1110,3025,1,'這個商品還不錯，但有地方仍需改善，所以本人給予3星',3,'2023-01-18 01:13:29.000'),(1111,3025,5,'我覺得這個商品非常理想，所以本人給予5星',5,'2023-01-18 01:13:29.000'),(1112,3025,5,'這個商品還不錯，但有地方仍需改善，所以本人給予3星',3,'2023-01-18 01:13:29.000'),(1113,3025,5,'這個商品還不錯，但有地方仍需改善，所以本人給予3星',3,'2023-01-18 01:13:29.000'),(1114,3025,7,'這個商品還不錯，但有地方仍需改善，所以本人給予3星',3,'2023-01-18 01:13:29.000'),(1115,3026,7,'這個商品不太推薦，所以本人給予2星',2,'2023-01-18 01:13:29.000'),(1116,3026,7,'這個商品用過都說讚，所以本人給予4星',4,'2023-01-18 01:13:29.000'),(1117,3026,5,'這個商品不太推薦，所以本人給予2星',2,'2023-01-18 01:13:29.000'),(1118,3026,5,'這個商品用過都說讚，所以本人給予4星',4,'2023-01-18 01:13:29.000'),(1119,3026,3,'我覺得這個商品非常理想，所以本人給予5星',5,'2023-01-18 01:13:29.000'),(1120,3026,6,'這個商品還不錯，但有地方仍需改善，所以本人給予3星',3,'2023-01-18 01:13:29.000'),(1121,3026,6,'我覺得這個商品非常理想，所以本人給予5星',5,'2023-01-18 01:13:29.000'),(1122,3026,5,'這個商品還不錯，但有地方仍需改善，所以本人給予3星',3,'2023-01-18 01:13:29.000'),(1123,3026,7,'我覺得這個商品非常理想，所以本人給予5星',5,'2023-01-18 01:13:29.000'),(1124,3027,5,'這個商品還不錯，但有地方仍需改善，所以本人給予3星',3,'2023-01-18 01:13:29.000'),(1125,3027,4,'這個商品用過都說讚，所以本人給予4星',4,'2023-01-18 01:13:29.000'),(1126,3027,6,'這個商品還不錯，但有地方仍需改善，所以本人給予3星',3,'2023-01-18 01:13:29.000'),(1127,3027,2,'我覺得這個商品非常理想，所以本人給予5星',5,'2023-01-18 01:13:29.000'),(1128,3027,4,'這個商品還不錯，但有地方仍需改善，所以本人給予3星',3,'2023-01-18 01:13:29.000'),(1129,3027,7,'這個商品還不錯，但有地方仍需改善，所以本人給予3星',3,'2023-01-18 01:13:29.000'),(1130,3027,4,'我覺得這個商品非常理想，所以本人給予5星',5,'2023-01-18 01:13:29.000'),(1131,3027,3,'這個商品用過都說讚，所以本人給予4星',4,'2023-01-18 01:13:29.000'),(1132,3027,3,'這個商品用過都說讚，所以本人給予4星',4,'2023-01-18 01:13:29.000'),(1133,3027,7,'這個商品還不錯，但有地方仍需改善，所以本人給予3星',3,'2023-01-18 01:13:29.000'),(1134,3028,5,'這個商品還不錯，但有地方仍需改善，所以本人給予3星',3,'2023-01-18 01:13:29.000'),(1135,3028,4,'這個商品還不錯，但有地方仍需改善，所以本人給予3星',3,'2023-01-18 01:13:29.000'),(1136,3028,3,'這個商品不太推薦，所以本人給予2星',2,'2023-01-18 01:13:29.000'),(1137,3028,1,'這個商品還不錯，但有地方仍需改善，所以本人給予3星',3,'2023-01-18 01:13:29.000'),(1138,3028,6,'我覺得這個商品非常理想，所以本人給予5星',5,'2023-01-18 01:13:29.000'),(1139,3028,3,'這個商品用過都說讚，所以本人給予4星',4,'2023-01-18 01:13:29.000'),(1140,3028,6,'我覺得這個商品非常理想，所以本人給予5星',5,'2023-01-18 01:13:29.000'),(1141,3028,5,'這個商品還不錯，但有地方仍需改善，所以本人給予3星',3,'2023-01-18 01:13:29.000'),(1142,3028,5,'我覺得這個商品非常理想，所以本人給予5星',5,'2023-01-18 01:13:29.000'),(1143,3029,4,'我覺得這個商品非常理想，所以本人給予5星',5,'2023-01-18 01:13:29.000'),(1144,3029,6,'這個商品還不錯，但有地方仍需改善，所以本人給予3星',3,'2023-01-18 01:13:29.000'),(1145,3029,1,'這個商品用過都說讚，所以本人給予4星',4,'2023-01-18 01:13:29.000'),(1146,3029,7,'這個商品還不錯，但有地方仍需改善，所以本人給予3星',3,'2023-01-18 01:13:29.000'),(1147,3029,6,'這個商品不太推薦，所以本人給予2星',2,'2023-01-18 01:13:29.000'),(1148,3029,6,'這個商品不太推薦，所以本人給予2星',2,'2023-01-18 01:13:29.000'),(1149,3029,4,'這個商品用過都說讚，所以本人給予4星',4,'2023-01-18 01:13:29.000'),(1150,3029,2,'我覺得這個商品非常理想，所以本人給予5星',5,'2023-01-18 01:13:29.000'),(1151,3029,4,'我覺得這個商品非常理想，所以本人給予5星',5,'2023-01-18 01:13:29.000'),(1152,3029,1,'這個商品用過都說讚，所以本人給予4星',4,'2023-01-18 01:13:29.000'),(1153,3030,4,'這個商品還不錯，但有地方仍需改善，所以本人給予3星',3,'2023-01-18 01:13:29.000'),(1154,3030,5,'這個商品用過都說讚，所以本人給予4星',4,'2023-01-18 01:13:29.000'),(1155,3030,6,'這個商品用過都說讚，所以本人給予4星',4,'2023-01-18 01:13:29.000'),(1156,3030,5,'我覺得這個商品非常理想，所以本人給予5星',5,'2023-01-18 01:13:29.000'),(1157,3030,2,'這個商品還不錯，但有地方仍需改善，所以本人給予3星',3,'2023-01-18 01:13:29.000'),(1158,3030,7,'我覺得這個商品非常理想，所以本人給予5星',5,'2023-01-18 01:13:29.000'),(1159,3030,1,'這個商品用過都說讚，所以本人給予4星',4,'2023-01-18 01:13:29.000'),(1160,3030,4,'我覺得這個商品非常理想，所以本人給予5星',5,'2023-01-18 01:13:29.000'),(1161,3030,4,'這個商品不太推薦，所以本人給予2星',2,'2023-01-18 01:13:29.000'),(1162,3030,6,'這個商品用過都說讚，所以本人給予4星',4,'2023-01-18 01:13:29.000'),(1163,3031,3,'這個商品用過都說讚，所以本人給予4星',4,'2023-01-18 01:13:29.000'),(1164,3031,2,'這個商品用過都說讚，所以本人給予4星',4,'2023-01-18 01:13:29.000'),(1165,3031,4,'這個商品還不錯，但有地方仍需改善，所以本人給予3星',3,'2023-01-18 01:13:29.000'),(1166,3031,3,'我覺得這個商品非常理想，所以本人給予5星',5,'2023-01-18 01:13:29.000'),(1167,3031,5,'我覺得這個商品非常理想，所以本人給予5星',5,'2023-01-18 01:13:29.000'),(1168,3031,6,'這個商品用過都說讚，所以本人給予4星',4,'2023-01-18 01:13:29.000'),(1169,3031,4,'我覺得這個商品非常理想，所以本人給予5星',5,'2023-01-18 01:13:29.000'),(1170,3031,6,'我覺得這個商品非常理想，所以本人給予5星',5,'2023-01-18 01:13:29.000'),(1171,3031,4,'這個商品還不錯，但有地方仍需改善，所以本人給予3星',3,'2023-01-18 01:13:29.000'),(1172,3032,1,'這個商品還不錯，但有地方仍需改善，所以本人給予3星',3,'2023-01-18 01:13:29.000'),(1173,3032,1,'我覺得這個商品非常理想，所以本人給予5星',5,'2023-01-18 01:13:29.000'),(1174,3032,2,'我覺得這個商品非常理想，所以本人給予5星',5,'2023-01-18 01:13:29.000'),(1175,3032,4,'我覺得這個商品非常理想，所以本人給予5星',5,'2023-01-18 01:13:29.000'),(1176,3032,1,'這個商品用過都說讚，所以本人給予4星',4,'2023-01-18 01:13:29.000'),(1177,3032,1,'這個商品用過都說讚，所以本人給予4星',4,'2023-01-18 01:13:29.000'),(1178,3032,7,'這個商品用過都說讚，所以本人給予4星',4,'2023-01-18 01:13:29.000'),(1179,3032,5,'這個商品用過都說讚，所以本人給予4星',4,'2023-01-18 01:13:29.000'),(1180,3032,3,'這個商品用過都說讚，所以本人給予4星',4,'2023-01-18 01:13:29.000'),(1181,3032,6,'我覺得這個商品非常理想，所以本人給予5星',5,'2023-01-18 01:13:29.000'),(1182,3033,1,'這個商品用過都說讚，所以本人給予4星',4,'2023-01-18 01:13:29.000'),(1183,3034,1,'這個商品用過都說讚，所以本人給予4星',4,'2023-01-18 01:13:29.000'),(1184,3035,2,'這個商品用過都說讚，所以本人給予4星',4,'2023-01-18 01:13:29.000'),(1185,3036,3,'這個商品用過都說讚，所以本人給予4星',4,'2023-01-18 01:13:29.000'),(1186,2035,1,'這個商品用過都說讚，所以本人給予4星',4,'2023-01-18 01:13:29.000'),(1187,4042,2,'這個商品用過都說讚，所以本人給予4星',4,'2023-01-18 01:13:29.000'),(1188,2036,5,'這個商品用過都說讚，所以本人給予4星',4,'2023-01-18 01:13:29.000'),(1189,3037,1,'這個商品用過都說讚，所以本人給予4星',4,'2023-01-18 01:13:29.000'),(1190,3038,2,'這個商品用過都說讚，所以本人給予4星',4,'2023-01-18 01:13:29.000'),(1191,3039,3,'這個商品用過都說讚，所以本人給予4星',4,'2023-01-18 01:13:29.000'),(1196,2037,4,'這個商品用過都說讚，所以本人給予4星',4,'2023-01-18 01:13:29.000'),(1197,2038,5,'這個商品用過都說讚，所以本人給予4星',4,'2023-01-18 01:13:29.000'),(1198,2039,6,'這個商品用過都說讚，所以本人給予4星',4,'2023-01-18 01:13:29.000'),(1199,2040,7,'這個商品用過都說讚，所以本人給予4星',4,'2023-01-18 01:13:29.000'),(1200,4043,1,'這個商品用過都說讚，所以本人給予4星',4,'2023-01-18 01:13:29.000'),(1201,4044,2,'這個商品用過都說讚，所以本人給予4星',4,'2023-01-18 01:13:29.000'),(1202,4045,3,'這個商品用過都說讚，所以本人給予4星',4,'2023-01-18 01:13:29.000'),(1203,4046,4,'這個商品用過都說讚，所以本人給予4星',4,'2023-01-18 01:13:29.000');
/*!40000 ALTER TABLE `ProductComment` ENABLE KEYS */;
UNLOCK TABLES;

--
-- Table structure for table `ProductImg`
--

DROP TABLE IF EXISTS `ProductImg`;
/*!40101 SET @saved_cs_client     = @@character_set_client */;
/*!50503 SET character_set_client = utf8mb4 */;
CREATE TABLE `ProductImg` (
  `ProductImgID` int NOT NULL AUTO_INCREMENT,
  `ProductID` int NOT NULL,
  `ProductImgPath1` varchar(2000) NOT NULL,
  `ProductImgContent1` varchar(2000) NOT NULL,
  `ProductImgPath2` varchar(2000) NOT NULL,
  `ProductImgContent2` varchar(2000) NOT NULL,
  `ProductImgPath3` varchar(2000) NOT NULL,
  `ProductImgContent3` varchar(2000) NOT NULL,
  PRIMARY KEY (`ProductImgID`),
  KEY `FK_ProductImg_ProductID_idx` (`ProductID`),
  CONSTRAINT `FK_ProductImg_ProductID` FOREIGN KEY (`ProductID`) REFERENCES `Product` (`ProductID`)
) ENGINE=InnoDB AUTO_INCREMENT=240 DEFAULT CHARSET=utf8mb4 COLLATE=utf8mb4_0900_ai_ci;
/*!40101 SET character_set_client = @saved_cs_client */;

--
-- Dumping data for table `ProductImg`
--

LOCK TABLES `ProductImg` WRITE;
/*!40000 ALTER TABLE `ProductImg` DISABLE KEYS */;
INSERT INTO `ProductImg` VALUES (103,3018,'./img/transticket/cl_3018_1.jpg','快來高雄、真好吃!','./img/transticket/cl_3018_2.jpg','快來高雄、真好玩!','./img/transticket/cl_3018_3.jpg','快來高雄、真划算!'),(104,3019,'./img/transticket/tr_3019_1.jpg','快來台北、真好吃!','./img/transticket/tr_3019_2.jpg','快來台北、真好玩!','./img/transticket/tr_3019_3.jpg','快來台北、真划算!'),(105,3020,'./img/transticket/tr_3020_1.jpg','快來台南、真好吃!','./img/transticket/tr_3020_2.jpg','快來台南、真好玩!','./img/transticket/tr_3020_3.jpg','快來台南、真划算!'),(106,3021,'./img/transticket/vp_3021_1.jpg','快來桃園、真好吃!','./img/transticket/vp_3021_2.jpg','快來桃園、真好玩!','./img/transticket/vp_3021_3.jpg','快來桃園、真划算!'),(107,3022,'./img/transticket/vp_3022_1.jpg','快來嘉義、真好吃!','./img/transticket/vp_3022_2.jpg','快來嘉義、真好玩!','./img/transticket/vp_3022_3.jpg','快來嘉義、真划算!'),(108,3023,'./img/transticket/un_3023_1.jpg','快來新竹、真好吃!','./img/transticket/un_3023_2.jpg','快來新竹、真好玩!','./img/transticket/un_3023_3.jpg','快來新竹、真划算!'),(109,3024,'./img/transticket/un_3024_1.jpg','快來屏東、真好吃!','./img/transticket/un_3024_2.jpg','快來屏東、真好玩!','./img/transticket/un_3024_3.jpg','快來屏東、真划算!'),(110,3025,'./img/transticket/un_3025_1.jpg','夜晚的天空很美','./img/transticket/un_3025_2.jpg','早上也有很多風景可以看','./img/transticket/un_3025_3.jpg','雖然天色已暗，但因為建築很亮，所以整體很漂亮'),(111,3026,'./img/transticket/un_3026_1.jpg','夜晚的天空很美','./img/transticket/un_3026_2.jpg','早上也有很多風景可以看','./img/transticket/un_3026_3.jpg','雖然天色已暗，但因為建築很亮，所以整體很漂亮'),(112,3027,'./img/transticket/vp_3027_1.jpg','從高處看下去的景色很美','./img/transticket/vp_3027_2.jpg','晚上廟宇也可以拜拜','./img/transticket/vp_3027_3.jpg','早上看廟宇也很漂亮'),(113,3028,'./img/transticket/vp_3028_1.jpg','從高處看下去的景色很美','./img/transticket/vp_3028_2.jpg','晚上廟宇也可以拜拜','./img/transticket/vp_3028_3.jpg','早上看廟宇也很漂亮'),(114,3029,'./img/transticket/tr_3029_1.jpg','有許多的廟會可以觀賞','./img/transticket/tr_3029_2.jpg','帶到山上也OK','./img/transticket/tr_3029_3.jpg','讓你即使在山上，一樣通行無阻'),(115,3030,'./img/transticket/tr_3030_1.jpg','有許多的廟會可以觀賞','./img/transticket/tr_3030_2.jpg','帶到山上也OK','./img/transticket/tr_3030_3.jpg','讓你即使在山上，一樣通行無阻'),(116,3031,'./img/transticket/cl_3031_1.jpg','有許多經典的景點可以觀賞','./img/transticket/cl_3031_2.jpg','美麗的山上，也可以觀賞','./img/transticket/cl_3031_3.jpg','也包含了可在高處觀賞的地點'),(117,3032,'./img/transticket/cl_3032_1.jpg','有許多經典的景點可以觀賞','./img/transticket/cl_3032_2.jpg','美麗的山上，也可以觀賞','./img/transticket/cl_3032_3.jpg','也包含了可在高處觀賞的地點'),(118,401,'./img/viewpointticket/mu_401_1.jpg','充滿西洋美學的建築風格','./img/viewpointticket/mu_401_2.jpg','藝術廳，將西方藝術從13至20世紀的藝術作品循序展出','./img/viewpointticket/mu_401_3.jpg','其中又以19世紀法國的繪畫、雕塑最為豐富'),(119,402,'./img/viewpointticket/mu_402_1.jpg','國立故宮博物院院內典藏了中國歷代文物藝術精粹','./img/viewpointticket/mu_402_2.jpg','工藝品是故宮最大特色，包括必看的明星展品翠玉白菜、肉形石，共有約上萬件玉器，還有漆器、玻璃、金銀器和筆墨紙硯等。','./img/viewpointticket/mu_402_3.jpg','北宋汝窯瓷器〈青瓷無紋水仙盆〉'),(120,403,'./img/viewpointticket/th_403_1.jpg','六福村主題遊樂園入口','./img/viewpointticket/th_403_2.jpg','大海盜（海盜船）','./img/viewpointticket/th_403_3.jpg','紅鶴鳥園'),(121,4011,'./img/viewpointticket/ar_4011_1.jpg','藝術展廳','./img/viewpointticket/ar_4011_2.jpg','現代文藝展館','./img/viewpointticket/ar_4011_3.jpg','熱鬧的參展人群'),(122,4012,'./img/viewpointticket/ar_4012_1.jpg','藝術展廳','./img/viewpointticket/ar_4012_2.jpg','現代文藝展館','./img/viewpointticket/ar_4012_3.jpg','現代文藝展館'),(123,4017,'./img/viewpointticket/ar_4017_1.jpg','淡水藝術工坊於2011年啟用，不僅是新北市首座公共綠建築，更被評選為臺灣「鑽石級」綠建築。','./img/viewpointticket/ar_4017_2.jpg','並採綠色思考的手法，例如工坊保留了富含時代意義的「日式黑瓦」','./img/viewpointticket/ar_4017_3.jpg','並附有簡易甜點與飲料；2樓為多功能藝文空間，可作小型展覽、畫展、互動教學、電影欣賞、座談會'),(124,4018,'./img/viewpointticket/ar_4018_1.jpg','Weeee雕塑公園為全臺首座公立雕塑公園，座落於向心南路、文心南七路、永春東一路、文心南五路之間','./img/viewpointticket/ar_4018_2.jpg','累積國家的文化資財，榮耀藝術創作，培育全民藝術氣質。','./img/viewpointticket/ar_4018_3.jpg','Weeee雕塑公園成為一座代表臺中市文化城的地標。'),(125,4019,'./img/viewpointticket/mu_4019_1.jpg','國內知名汽車廠商於公司成立30週年時，成立Weeee車博物館','./img/viewpointticket/mu_4019_2.jpg','博物館不以蒐集古董車為要，而是展現當代世界汽車科技縮影','./img/viewpointticket/mu_4019_3.jpg','因此除有世界汽車科技發展史外，亦有許多珍貴的汽車典藏品及復刻版'),(126,4020,'./img/viewpointticket/mu_4020_1.jpg','座落二二八公園對面，為自然史為主的古生物展覽館','./img/viewpointticket/mu_4020_2.jpg','。外部為巨大羅馬柱廊的石造建築，牆面材料則為分割灰縫作法','./img/viewpointticket/mu_4020_3.jpg','鑄鐵窗採用滑輪與重錘省力的上下開閉，且鑄鐵窗都嵌入六角網目鐵絲網壓花處理玻璃'),(127,4021,'./img/viewpointticket/aq_4021_1.jpg','Weeee海洋公園緊臨東管處花蓮遊客服務中心，依著山勢設有「八大主題樂園區」','./img/viewpointticket/aq_4021_2.jpg','其中海洋劇場不但可以欣賞海豚表演，還可以與海豚親密接觸','./img/viewpointticket/aq_4021_3.jpg','「飛越海洋」魔幻大秀；另外全台獨特的「海洋夜未眠」體驗營'),(128,4022,'./img/viewpointticket/aq_4022_1.jpg','澎湖水族館位於澎湖縣白沙鄉白沙養殖場內，原水產試驗所位置所擴建的澎湖水族館','./img/viewpointticket/aq_4022_2.jpg','岐頭親水公園及岐頭觀光碼頭旁潮間帶弄潮，整體呈現出夏日清爽、悠閒、寬闊的色調及意像。','./img/viewpointticket/aq_4022_3.jpg','澎湖水族館的展覽區為一座二層建物，佔地2.5公頃，面積4690平方公尺，外觀為碧綠色屋瓦搭配灰白色牆身'),(129,4023,'./img/viewpointticket/th_4023_1.jpg','Weeee文化村以日月潭纜車與日月潭緊緊相連，園區原住民文化、歐洲花園、頂尖的遊樂設施聞名台灣','./img/viewpointticket/th_4023_2.jpg','其中纜車可分一般纜車和水晶纜車，想要從腳下一覽居高臨下的風景','./img/viewpointticket/th_4023_3.jpg','體驗原住民文化原住民部落區裡多種「原」味十足的文化展示與親子DIY活動，讓遊客一次體驗各族原民生活。'),(130,4024,'./img/viewpointticket/th_4024_1.jpg','「Weeee百老匯」是臺東生活美學館的夜間亮點活動，每週五至日的夜晚時間','./img/viewpointticket/th_4024_2.jpg','表演團隊及素人歌手等輪番上陣表演，沒有太多安排好的劇本','./img/viewpointticket/th_4024_3.jpg','，偶爾台上表演者隨性的即興演出，總能引起歡呼聲、安可聲，久久不散。'),(131,4034,'./img/viewpointticket/th_4034_1.jpg','樂園夜晚很漂亮','./img/viewpointticket/th_4034_2.jpg','樂園下午很漂亮','./img/viewpointticket/th_4034_3.jpg','樂園早上很漂亮'),(132,4035,'./img/viewpointticket/th_4035_1.jpg','樂園美麗的夜晚','./img/viewpointticket/th_4035_2.jpg','雲霄飛車很刺激','./img/viewpointticket/th_4035_3.jpg','旋轉木馬也很好玩'),(133,4036,'./img/viewpointticket/aq_4036_1.jpg','有許多的魚','./img/viewpointticket/aq_4036_2.jpg','有很特別的魚','./img/viewpointticket/aq_4036_2.jpg','有很漂亮的珊瑚'),(134,4037,'./img/viewpointticket/aq_4037_1.jpg','有特殊顏色的水母','./img/viewpointticket/aq_4037_2.jpg','許多漂亮的魚','./img/viewpointticket/aq_4037_3.jpg','看是水母耶'),(135,4038,'./img/viewpointticket/mu_4038_1.jpg','美麗博物館','./img/viewpointticket/mu_4038_2.jpg','有人型可以觀賞','./img/viewpointticket/mu_4038_3.jpg','有許多美美的東西可以觀賞'),(136,4039,'./img/viewpointticket/mu_4039_1.jpg','有許多美美的內容可觀賞','./img/viewpointticket/mu_4039_2.jpg','博物館的外面也很美','./img/viewpointticket/mu_4039_3.jpg','博物館的外面也很有美感'),(137,4040,'./img/viewpointticket/ar_4040_1.jpg','充滿藝術的藝術品','./img/viewpointticket/ar_4040_2.jpg','觀賞空間暗暗的比較有意境','./img/viewpointticket/ar_4040_3.jpg','很多的獅子'),(138,4041,'./img/viewpointticket/ar_4041_1.jpg','可以看到那個男人','./img/viewpointticket/ar_4041_2.jpg','有藝術的Love','./img/viewpointticket/ar_4041_3.jpg','整個就是美的存在'),(139,101,'./img/experience/hm_101_1.jpg','擁有 7 大體驗區、50 種木製設施的木育森林，可一次享受觸覺、視覺、聽覺、嗅覺等感官體驗','./img/experience/hm_101_2.jpg','深具有啟發、教育及體驗意義的森林之歌，希望用寓教於樂的方式傳達對自然的感謝','./img/experience/hm_101_3.jpg','溫馨有趣的手作音樂盒體驗，讓大人小孩都開心'),(140,102,'./img/experience/hm_102_1.jpg','工業風造型燈，為冬天增添一絲暖意','./img/experience/hm_102_2.jpg','Q Q小造型桌燈','./img/experience/hm_102_3.jpg','仿舊水龍頭造型桌燈'),(141,103,'./img/experience/ow_103_1.jpg','清水斷崖的壯闊景色','./img/experience/ow_103_2.jpg','獨木舟美照歡樂照','./img/experience/ow_103_3.jpg','獨木舟好好玩呀!'),(142,104,'./img/experience/ow_104_1.jpg','日月潭美麗景色','./img/experience/ow_104_2.jpg','日月潭美麗景色','./img/experience/ow_104_3.jpg','包船好開心'),(143,105,'./img/experience/fa_105_1.jpg','獨角仙農場一隅','./img/experience/fa_105_2.jpg','獨角仙農場一隅','./img/experience/fa_105_3.jpg','獨角仙'),(144,106,'./img/experience/fa_106_1.jpg','與小馬們近距離接觸，餵馬樂趣多','./img/experience/fa_106_2.jpg','遼闊的草原提供馬兒舒服的環境奔跑','./img/experience/fa_106_3.jpg','與小馬們近距離接觸，餵馬樂趣多'),(145,107,'./img/experience/et_107_1.jpg','在市區衝浪的樂趣，是最新最酷的挑戰與體驗','./img/experience/et_107_2.jpg','快帶上你的板子出發囉!','./img/experience/et_107_3.jpg','在夕陽餘暉下衝浪的浪漫'),(146,108,'./img/experience/et_108_1.jpg','前方的隧道好神祕，快來開啟隧道探險旅程吧！','./img/experience/et_108_2.jpg','隧道盡頭的那一道光','./img/experience/et_108_3.jpg','壯闊的景色陪伴探險家們展開隧道探險囉!'),(147,109,'./img/experience/et_109_1.jpg','來趟滑翔傘之旅，享受滯空飛行8 - 12分鐘的新奇與樂趣。','./img/experience/et_109_2.jpg','專業的教練一對一教學陪同飛行','./img/experience/et_109_3.jpg','俯瞰整個埔里盆地，欣賞不同角度的南投埔里'),(148,1010,'./img/experience/et_1010_1.jpg','想接觸新的運動和挑戰自己？來體驗一下抱石運動吧！','./img/experience/et_1010_2.jpg','專業教練在場，確保您擁有順暢安全的抱石體驗','./img/experience/et_1010_3.jpg','在抱石牆上走不同的路線，挑戰自己的極限'),(149,1011,'./img/experience/fa_1011_1.jpg','體驗餵食羊咩咩','./img/experience/fa_1011_2.jpg','牧場的乳牛們','./img/experience/fa_1011_3.jpg','飛牛牧場最有名的鮮乳冰淇淋'),(150,1012,'./img/experience/fa_1012_1.jpg','茂密的橙樹們','./img/experience/fa_1012_2.jpg','美味的橘子','./img/experience/fa_1012_3.jpg','手作橘子果醬'),(151,1013,'./img/experience/ow_1013_1.jpg','激情澎湃的泛舟體驗，可同時欣賞周邊迷人山景','./img/experience/ow_1013_2.jpg','全年皆可泛舟的溪流，安全又刺激','./img/experience/ow_1013_3.jpg','美麗的秀姑巒溪'),(152,1014,'./img/experience/ow_1014_1.jpg','划槳於平靜湖面，享受傍晚月牙灣四面湖光風景與自然融為一體','./img/experience/ow_1014_2.jpg','悠閒自在超Chill的水上運動！享受自然運動樂趣兼具的讚嘆旅程','./img/experience/ow_1014_3.jpg','與親朋好友一起來創造美好的回憶~'),(153,1015,'./img/experience/hm_1015_1.jpg','發揮你的創意，製作獨一無二的燈飾','./img/experience/hm_1015_2.jpg','製作土耳其馬賽克燈，體驗獨特的文化','./img/experience/hm_1015_3.jpg','和小朋友一同體驗異國手作（照片中作品為燭台）'),(154,1016,'./img/experience/hm_1016_1.jpg','專業調香師指導。','./img/experience/hm_1016_2.jpg','調做自己專屬的味道。','./img/experience/hm_1016_3.jpg','從無到有自己專屬的香味。'),(155,1017,'./img/experience/et_1017_1.jpg','從空中俯瞰大地，體驗飛行的快感!','./img/experience/et_1017_2.jpg','飛行傘-早場風景紀錄。','./img/experience/et_1017_3.jpg','飛行傘-晚場風景紀錄。'),(156,1018,'./img/experience/et_1018_1.jpg','想要體驗刺激嗎?快來參加高空彈跳吧!','./img/experience/et_1018_2.jpg','提供免費照相紀念。','./img/experience/et_1018_3.jpg','專業的團隊，安全有保障。'),(157,1019,'./img/experience/hm_1019_1.jpg','擁有多年木工歷史的木匠工妹工作室。','./img/experience/hm_1019_2.jpg','學員作品展示。','./img/experience/hm_1019_3.jpg','十年經驗老師傅手把手教學。'),(158,1020,'./img/experience/hm_1020_1.jpg','想要製作獨一無二的手工蠟筆嗎?快來參加!','./img/experience/hm_1020_2.jpg','學員作品展示。','./img/experience/hm_1020_3.jpg','擁有多種款式任您選擇。'),(159,1021,'./img/experience/ow_1021_1.jpg','乘著衝浪板，感受大海的浪潮洶湧，馳騁於浪花之上。','./img/experience/ow_1021_2.jpg','多位經驗豐富的教練帶領，不論你是初學者還是經驗者，都可以在這裡享受到獨特的樂趣。','./img/experience/ow_1021_3.jpg','多種沖浪裝備樣式齊全。'),(160,1022,'./img/experience/ow_1022_1.jpg','想要浮潛但是害怕沒有經驗嗎?沒關係這裡有齊全的教練陣容，保證手把手帶你體驗美好海底風景。','./img/experience/ow_1022_2.jpg','享受海底風景，與魚群共舞。','./img/experience/ow_1022_3.jpg','人生必須要體驗過一次!快來加入我們!'),(161,1023,'./img/experience/fa_1023_1.jpg','原生態農場，讓你體驗到大自然的美好。','./img/experience/fa_1023_2.jpg','陽光、綠地與田園風景。','./img/experience/fa_1023_3.jpg','獨家蜜蜂生態農場，擁有最自然甜美的蜂蜜。'),(162,1024,'./img/experience/fa_1024_1.jpg','採用有機方式種植，體驗大自然的美好','./img/experience/fa_1024_2.jpg','獨特農家體驗，來自大自然的美味。','./img/experience/fa_1024_3.jpg','陽光、綠地與田園風景。'),(163,1025,'./img/experience/hm_1025_1.jpg','位於環島南路旁的金門縣陶瓷廠，成立於西元1963年，是台灣目前唯一的官窯','./img/experience/hm_1025_2.jpg','廠中設有陶瓷博物館展出各式陶瓷，珍藏數百件陶瓷珍品，亦有提供產品販售','./img/experience/hm_1025_3.jpg','更可體驗手拉坯、彩繪、捏陶、貼花等DIY活動，親身感受玩陶的樂趣。'),(164,1026,'./img/experience/hm_1026_1.jpg','苗栗銅鑼一帶遍植樟樹，早年樟腦廠多達上百家，如今東華樟腦廠可是臺灣唯一僅存的樟腦煉製廠','./img/experience/hm_1026_2.jpg','由第三代老闆接手後，致力於開發新產品，甚至到靜宜大學化妝品研究班進修','./img/experience/hm_1026_3.jpg','不但為遊客提供導覽解說樟腦製作，還能讓小朋友親手做香皂DIY，讓大家到此都能留下知性的美好回憶。'),(165,1027,'./img/experience/ow_1027_1.jpg','後壁湖位於恆春鎮大光里，原來僅是一處小漁村，因為臨近太平洋及巴士海峽一帶的漁場','./img/experience/ow_1027_2.jpg','從十月到隔年的三月左右，則以白皮劍旗魚及黑皮劍旗魚的漁獲量最高。','./img/experience/ow_1027_3.jpg','漁港內另外闢建遊艇碼頭及停泊地，並開放娛樂漁船、水上摩托車、遊艇、帆船、拖曳傘、香蕉船'),(166,1028,'./img/experience/ow_1028_1.jpg','Weeee樂園位於苗栗縣造橋鄉，佔地50餘 公頃，是個結合水上樂園、客家文化村，大型遊樂設施之大型綜合樂園。','./img/experience/ow_1028_2.jpg','客家文化村內包含了各式特產店、複合式餐飲店、展覽館等','./img/experience/ow_1028_3.jpg','在晚上更能欣賞到Weeee樂園漂亮夜景。 Weeee樂園在景觀上，有浪漫的歐式花園、噴水池'),(167,1029,'./img/experience/fa_1029_1.jpg','擁有獨一無二遼闊視野的觀機坪，南洋風格的園藝造景','./img/experience/fa_1029_2.jpg','花叢路徑總是讓您充滿驚喜；絢麗的折衷鸚鵡，雄赳赳氣昂昂的鞭苔鵎鵼','./img/experience/fa_1029_3.jpg','獨一無二遼闊視野的觀機坪，南洋風格的園藝造景'),(168,1030,'./img/experience/fa_1030_1.jpg','我們創辦全球第一個走讀驛站;周大觀讀出希望中心，實踐：讀書、奉茶、義借單車、國際公益換宿','./img/experience/fa_1030_2.jpg','國際背包客，大家一起愛書、讀書、分享、交流。  大鵬灣新亮點;周大觀讀出希望中心','./img/experience/fa_1030_3.jpg','歡迎國內外各界人士走讀:品一杯愛心茶、讀一本心愛的書。也歡迎全球背包客'),(169,1031,'./img/experience/et_1031_1.jpg','最適合躺在林蔭遮蔽的馬路上或騎鐵馬，感受有別於都市忙碌生活的慢步調。','./img/experience/et_1031_2.jpg','除此之外，道路兩旁有著許多特色店家，而在雙數的週六下午2點到晚上6點舉辦的2626市集','./img/experience/et_1031_3.jpg','小點或文創手作品，時常吸引旅客目光，是武陵綠色隧道最有特色的活動。'),(170,1032,'./img/experience/et_1032_1.jpg','、海岸峭壁，還可換換另外一種玩法，挑戰自我','./img/experience/et_1032_2.jpg','為五千萬年前華南古陸塊近海所沉積，除了是地質學家的研究天堂外，其堅硬緊實的岩性更是眾多國內外攀岩好手朝聖之地','./img/experience/et_1032_3.jpg','這些平常用「看」、用「拍」的綺麗風景，攀岩愛好者們選擇用「親身」體驗來全力感受。'),(171,1033,'./img/experience/hm_1033_1.jpg','提供您皮革製品手作體驗','./img/experience/hm_1033_2.jpg','提供許多工具給您使用','./img/experience/hm_1033_3.jpg','更多的工具'),(172,1034,'./img/experience/hm_1034_1.jpg','捏陶的情況','./img/experience/hm_1034_2.jpg','也可嘗試捏小型物品','./img/experience/hm_1034_3.jpg','完成後的樣子'),(173,1035,'./img/experience/et_1035_1.jpg','與家人、朋友一起體驗卡丁車競速的樂趣!','./img/experience/et_1035_2.jpg','寬敞的場地、趣味的賽場，刺激的體驗','./img/experience/et_1035_3.jpg','最齊全的設備，最安全的保證'),(174,1036,'./img/experience/et_1036_1.jpg','與家人、朋友一起體驗卡丁車競速的樂趣!','./img/experience/et_1036_2.jpg','寬敞的場地、趣味的賽場，刺激的體驗','./img/experience/et_1036_3.jpg','最齊全的設備，最安全的保證'),(175,1037,'./img/experience/ow_1037_1.jpg','姿勢100的衝浪','./img/experience/ow_1037_2.jpg','也可以休閒的玩著水上器具','./img/experience/ow_1037_3.jpg','挑戰水上的大浪'),(176,1038,'./img/experience/ow_1038_1.jpg','也有兩人一起划的','./img/experience/ow_1038_2.jpg','一人也能划','./img/experience/ow_1038_3.jpg','可邊划邊欣賞美景'),(177,1039,'./img/experience/fa_1039_1.jpg','很多動物的農場','./img/experience/fa_1039_2.jpg','可以看到很多牛','./img/experience/fa_1039_3.jpg','有小房子的紅屋'),(178,1040,'./img/experience/fa_1040_1.jpg','很多牛的農場','./img/experience/fa_1040_2.jpg','農場也有漂亮的小屋','./img/experience/fa_1040_3.jpg','也有可愛的小羊'),(179,1041,'./img/experience/et_1041_1.jpg','帥氣的騎摩托車','./img/experience/et_1041_2.jpg','摩托車騎起來的樣子','./img/experience/et_1041_3.jpg','帥氣騎車'),(180,1042,'./img/experience/et_1042_1.jpg','極限滑雪左轉','./img/experience/et_1042_2.jpg','空中滑雪','./img/experience/et_1042_3.jpg','滑雪的背影'),(201,201,'./img/sightseeing/fa_201_1.jpg','雙春濱海遊憩區是位在台南北門的生態遊憩場所，園區內規劃紅樹林觀察區，網羅台灣珍貴的4種原生紅樹林：海茄苳、水筆仔、欖李、紅海欖（亦稱五梨跤），適合帶著孩子一同前往，認識台灣特有生態。','./img/sightseeing/fa_201_2.jpg','白水湖，是東石鄉著名的鹽田之一，雖然名為「湖」，事實上該地卻沒有淡水湖泊，白水湖的名稱來自舊時鹽埕的地域形勢，當初由日本人和台南人合夥經營的鹽埕「掌興公司」，曾經在此區建築海堤，但蓋了多年海堤卻沒建設完善，經常性的颱風一來，海堤外岸便崩壞、海水倒灌，鹽田上呈現一片白波，「白水湖」因而由此而來 。','./img/sightseeing/fa_201_3.jpg','北門潟湖，北門區之生態環境屬於潟湖生態，蘊含著豐富之魚、蝦、貝類及紅樹林景觀，常見許多鷺鳥、水鳥，彈塗魚和各種螃蟹，具有潟湖觀光生態旅遊之魅力。'),(202,202,'./img/sightseeing/fa_202_1.jpg','二寮觀日出，攝影界流傳著日出三大聖地：北格頭、中五城、南二寮，其共通點是擁有壯美的低海拔雲海，二寮日出更是全臺灣海拔最低的觀日出勝地，被譽為「最接近城市的曙光」。','./img/sightseeing/fa_202_2.jpg','北門提溴塔，戰時軍火製造工廠溴素是重要的化工原料，廣泛用在阻燃劑、滅火劑、製冷劑、醫藥、農藥、化學肥料等用途。戰時，日本殖民帝國因軍事戰機燃料中的爆發劑之所需，乃由鹽田濃海水或滷水中提煉，由於生產原料來自鹽場生產的滷水，因此這種類似的軍火原料製造工廠，興建地點皆在鹽場附近。1939年，日本曹達、日本鹽業、臺灣拓殖三個會社於高雄市合組「南日本化學工業株式會社」，在臺南市安平設安平工廠，在布袋、北門等地設分工廠，其中北門溴磚塔就是其中之ㄧ。','./img/sightseeing/fa_202_3.jpg','虎頭山，在山頂周邊更增建了好幾家格調高雅頗具人文氣息的優美景觀庭園餐廳，除了觀賞雲霧繚繞的山下遼闊景觀之外，還可邊聆聽優美音樂，品嘗咖啡、道地玉井芒果冰品及特製芒果餐點。'),(203,203,'./img/sightseeing/fr_203_1.jpg','金門大橋為一座連結大金門與烈嶼的跨海大橋，全長5.4公里，大金門端位於金寧鄉慈湖路二段，烈嶼端位於湖埔路。金門大橋共有五座主橋，橋塔造型是世界獨見的高粱酒之穗心形。','./img/sightseeing/fr_203_2.jpg','金門酒廠擁有五十年的悠久歷史，產出的高梁久負盛名。參觀完後可至酒廠福利大樓購買金門高粱酒。紅標高粱酒只有在金門本地才買得到。','./img/sightseeing/fr_203_3.jpg','刺激的立槳體驗(Stand Up Paddle)，是結合衝浪和划船的一種板類運動，全程有教練指導，就算是初學者也沒有關係!'),(204,2015,'./img/sightseeing/co_2015_1.jpg','陽光、沙灘，歡迎來到美麗的墾丁沙灘一起享受南國風情','./img/sightseeing/co_2015_2.jpg','提供浮潛活動，歡迎有興趣者報名參加!','./img/sightseeing/co_2015_3.jpg','屏東海岸線的美麗風景!'),(205,2019,'./img/sightseeing/fa_2019_1.jpg','夏日炎炎，總是吸引許多衝浪好手前來此地進行衝浪活動，在廣闊的海水上享受馳騁海水的快感。','./img/sightseeing/fa_2019_2.jpg','這裡除了可進行衝浪活動之外，還可以遠眺金山八景之一','./img/sightseeing/fa_2019_3.jpg','從中角至永興漁港間，更整建有海濱公路停車場與賞景步道，讓遊客便於停車駐足沿線賞景，也可走走步道，眺望對面基隆嶼、野柳海岬及獅頭山燭臺雙嶼的地質美景。'),(206,2020,'./img/sightseeing/fa_2020_1.jpg','民眾踏浪、散步的好地方，讓自己沈浸在這一刻的悠適之中，可以細細漫游品味。','./img/sightseeing/fa_2020_2.jpg','平日偶有旅客會搭乘海線火車前來，純粹為了看海，','./img/sightseeing/fa_2020_2.jpg','位於通霄西北端的白沙屯是一個靠海的寧靜小村莊'),(207,2021,'./img/sightseeing/fr_2021_1.jpg','三灣梨鄉是苗栗縣第10 個核准成立的休閒農業區，顧名思義區內最重要的農特產就是著名的三灣梨','./img/sightseeing/fr_2021_2.jpg','還有柑橘、茶油、茶葉、茶花等特產，整個休閒農業區充滿著客家農村的迷人風情。 ','./img/sightseeing/fr_2021_3.jpg','或者沿著登山步道，走入山林享受芬多精的洗禮。'),(208,2022,'./img/sightseeing/fr_2022_1.jpg','仁壽社區是森林鐵路中途站的交力坪、水社寮以及福建坪三個聚落共同組成','./img/sightseeing/fr_2022_2.jpg','不過當地不但風光優美，兼且有蝙蝠生態教育館及籌劃中的森林生態教育園區外','./img/sightseeing/fr_2022_3.jpg','。水社寮是阿里山森林小火車中途站之一其所在位置偏僻，目前仍然保存著原始自然景觀。'),(209,2023,'./img/sightseeing/co_2023_1.jpg','標高248公尺、僅次於北竿壁山(標高294公尺)的雲臺山，除了是南竿第一高峰，更是登高遠眺馬祖列島與大陸山河的最佳景點','./img/sightseeing/co_2023_2.jpg','馬防部並同意馬祖國家風景區管理處整修軍情館，於隔年11月7日開放遊客參訪。','./img/sightseeing/co_2023_3.jpg','大陸北茭半島清晰可見。夜晚的雲臺山更是美麗，情侶們可以在這俯瞰南竿夜間燈火，好不浪漫'),(210,2024,'./img/sightseeing/co_2024_1.jpg','從南方澳人口中「內埤仔」內埤漁港，往港旁高起的學府路往內走去，豁然在眼前出現一灣海岸','./img/sightseeing/co_2024_2.jpg','佈滿各種紋路色彩不一的小礫石，天氣晴朗日照強烈時候，會因陽光折射而閃閃發光','./img/sightseeing/co_2024_3.jpg','靜謐的氣氛與樸實風情，常吸引許多甜蜜情侶來此，故又被稱「情人灣」。'),(211,2025,'./img/sightseeing/pe_2025_1.jpg','虎井嶼是澎湖群島的第七大島，有著雄偉的柱狀節理玄武岩景觀，也是北回歸線23.5經過的地帶','./img/sightseeing/pe_2025_2.jpg','此處建造了全長55公尺的追日大道，巨手裝置藝術設置在步道終點','./img/sightseeing/pe_2025_3.jpg','相傳是日本將領山本五十六作為日軍侵略珍珠港的基地，因為虎井嶼戰略地點重要'),(212,2026,'./img/sightseeing/pe_2026_1.jpg','Weeee馬樂活山莊，全台灣唯一免費參觀的馬場 !位於台南關廟區近虎頭埤','./img/sightseeing/pe_2026_2.jpg','►室內練習場-在電影影集裡，常看到演員帥氣的飆馬英姿，想成為他們嗎?','./img/sightseeing/pe_2026_3.jpg','►星空放牧場-聚集了驢子、罕見的騾子等草食動物，偶爾...還可以看到逛大街的鵝呢'),(213,2027,'./img/sightseeing/fr_2027_1.jpg','來到東北角風景線沿途的第一個停靠站-鼻頭港服務區，作為旅人短暫休息的中繼站，這裡除了設有餐飲區、廁所、涼亭及停車場等公共設施，更棒的是還有極佳的海景視野，遠道而來的旅人可以下車呼吸幾口新鮮的海風，找間生猛海鮮小攤或海產店，一邊大啖海鮮，一邊眺望遼闊大海，同時滿足視覺、味覺及嗅覺，「海味」十足。','./img/sightseeing/fr_2027_2.jpg','挑戰東北角小長城 收藏海天一線絕美景觀綿延翠綠的山際線、褐色的蜿蜒步道，再搭配藍天白雲及蔚藍汪洋，交織出如畫一般的美景，鼻頭角步道已成為北台灣熱門打卡景點之一，只要花點體力與耐心登高，各種角度的美照即垂手可得。','./img/sightseeing/fr_2027_3.jpg','行經濱海公路旁，一個小而古老的漁村，一不小心就很容易被忽略，雖然看似不起眼，但她的傳統漁村風貌卻值得駐足、細細品味。進入漁村後即能感受這地方的古樸與幽靜，以及充滿無比平淡、悠閒的氛圍，歷經百年歲月變遷，卯澳漁村已褪去昔日繁華，返璞歸真，留下的是當地的石砌古厝及盤根錯節的百年老榕，伴隨著細碎的海潮聲，如今顯得特別寧靜而脫世。'),(214,2028,'./img/sightseeing/fr_2028_1.jpg','去奧爾森林學堂，位於虎頭山公園內的孔廟旁。綠林滿佈的自然環境，每到冬季總吸引許多貓頭鷹在此棲息覓食，因此｢奧爾｣即是取自貓頭鷹英文｢Owl｣的諧音。園區內三座醒目的樹屋群中，有著出自於在地創作者所製作的陶雕貓頭鷹，不妨來找看看， 這15隻大小不一的貓頭鷹究竟藏在哪? ','./img/sightseeing/fr_2028_2.jpg','去角板山行館園區包含戰備隧道、蔣公行館、雕塑公園、樟腦收納所等多個特色景點。角板山戰備隧道建於民國52年，用於戰事爆發時保護國家元首安危，並對外下達作戰指令，如今隨著軍事色彩淡去，成為遊客遙想當年戰地風光的好去處。','./img/sightseeing/fr_2028_3.jpg','桃園火車站前商圈是指由火車站前中正路延伸至中山路景福宮段的熱鬧商圈，在短短的幾個路口，聚集了流行、時尚、服飾、珠寶、百貨等各種行業，傍晚華燈初上之後，將桃園變成了不夜城，也成了喜愛血拼逛街的採買者發現驚奇、找好東西的絕佳地方。'),(215,2029,'./img/sightseeing/co_2029_1.jpg','富興社區為全臺最大的土鳳梨產地，每到7月至9月的鳳梨產季時，富興的鳳梨田中長滿一顆顆飽滿多汁的鳳梨，搭上輕軌小火車經過一望無際的鳳梨田，穿越樹林沿著幸福軌道抵達終點拍照留念，或是坐著農耕車牽引的列車，聽當地居民說著富興社區的故事，參觀爸爸去哪兒的1號房等拍攝地，最後再大口品嘗酸酸甜甜的土鳳梨、金鑽鳳梨，享受產地鮮採的甜美滋味。全長1314公尺的幸福軌道，是情侶出遊拍照的地方','./img/sightseeing/co_2029_2.jpg','每天平均約20人進出的東里車站，看似不起眼，卻被譽為「山線最美的車站」，一走進月台便被眼前的美景所吸引，整片無邊無際的綠色稻田映在眼前，小小的東里車站被圍繞在田野間，壯觀令人驚呼不已的田園景緻，深深吸引不少遊客前來探訪。','./img/sightseeing/co_2029_3.jpg','四周青山環繞，一汪清潭宛若山間明月，帶點中國風的拱橋倒映在水面上，走在環潭步道上欣賞眼前美景、認識水中生物，為旅人帶走都市的喧囂，這就是隱藏在光復馬錫山下的山中秘境──吉利潭，也是花蓮近期新興景點，擁有戲水道、生態浮島等設施，為炎炎夏日戲水、踏青與認識自然生態的好去處。'),(216,2030,'./img/sightseeing/co_2030_1.jpg','桃園特色地景﹣｢埤塘｣、｢蓮花｣一把抓的埤塘之旅！在每個季節呈現一片片不同主題的花田，向日葵、薰衣草、波斯菊等花海爭奇鬥豔招呼來客，行經其間，十分愜意，也是情侶、親子們捕捉鏡頭的好地點','./img/sightseeing/co_2030_2.jpg','如果要排名桃園最有「星味」的休閒農場，富田花園農場必定榜上有名；《天國的嫁衣》、《綠光森林》、《愛殺17》、《鬥牛要不要》、《軍官情人》等多部知名偶像劇，相中農場大片花海與歐風造景，紛紛來此取景，也連帶吸引許多粉絲慕名到訪','./img/sightseeing/co_2030_3.jpg','「青塘園」在台灣高鐵桃園站附近，原本是一座農業灌溉用的埤塘，有調節防洪的功能，經過規劃之後，成為都市民眾的親水空間；這裡設置親水緩坡、觀景平台、木棧道、人行步道及戶外劇場等多元的遊憩空間，是都市裡一個寧靜、休閒的好去處，還曾經榮獲台灣公共建築相關大獎！來到「青塘園」，可見碧綠的池塘中有許多水生植物和豐富的生態，大片的荷花池吸引民眾停留欣賞，不論是白天或傍晚，這裡成了情侶散步的好去處'),(217,2031,'./img/sightseeing/pe_2031_1.jpg','龍岡大操場周邊這座萬坪森林公園的啟用，使以往缺乏大型公園的龍岡地區因而有較完整的休閒用地。龍岡公園經過整治，成為一座綠意盎然的景觀公園。大家可近距離擁抱大自然、讓寵物在空地盡情奔跑、享受樂活無比的健康生活！','./img/sightseeing/pe_2031_2.jpg','雙和區為全台人口密度最高的地方，而永和的綠寶石運動河濱公園寓意是在人口稠密的都市中，廣闊綠地如同寶石一樣珍貴。永和綠寶石河濱公園占地遼闊，包含停車場、寵物公園、籃球場、溜冰場、網球場、排球場、羽球場、足球場、腳踏車越野練習場、棒球場、行人徒步區、休閒廣場、觀光苗圃區、槌球場、景觀步道與低水護岸。身在喧囂卻想獲得片刻舒緩的時候，來趟綠寶石運動河濱公園吧！','./img/sightseeing/pe_2031_3.jpg','蘆堤寵物公園位於大台北都會公園內，佔地約17公頃，有一個狹長型的微風運河，公園內不僅有區分大、小狗區，寵物遊戲設施應有盡有，大片的草地除了可以讓毛小孩盡情奔跑，同時提供飼主休憩的座椅區，可以坐在椅子邊欣賞河景，邊看著毛小孩放風。'),(218,2032,'./img/sightseeing/pe_2032_1.jpg','位於台中市北屯區亞洲最大親子寵物友善空間！有毛沒毛，卯起來玩就對啦','./img/sightseeing/pe_2032_2.jpg','施公祠按「施將軍廟碑記」，可確證此廟係施琅平臺封靖海候後所建之生祠。道光年間加祀海璮殉職之官兵，故不專稱將軍廟，而改稱施公祠','./img/sightseeing/pe_2032_3.jpg','位在觀音亭濱海遊憩公園內、帆船訓練中心後，交通很方便。'),(219,2033,'./img/sightseeing/fa_2033_1.jpg','位於台灣腹地的南投山區，景色優美。','./img/sightseeing/fa_2033_2.jpg','美麗的櫻花步道。','./img/sightseeing/fa_2033_3.jpg','乘坐纜車，帶你從空中俯瞰山間景色。'),(220,2034,'./img/sightseeing/fr_2034_1.jpg','波瀾壯闊的東部海岸。','./img/sightseeing/fr_2034_2.jpg','東部縱貫鐵路。','./img/sightseeing/fr_2034_3.jpg','山間景色'),(221,3033,'./img/transticket/tr_3030_1.jpg','有許多的廟會可以觀賞','./img/transticket/tr_3030_2.jpg','帶到山上也OK','./img/transticket/tr_3030_3.jpg','讓你即使在山上，一樣通行無阻'),(222,3034,'./img/transticket/cl_3018_1.jpg','快來台中、真好吃!','./img/transticket/cl_3018_2.jpg','快來台中、真好玩!','./img/transticket/cl_3018_3.jpg','快來台中、真划算!'),(223,3017,'./img/transticket/cl_3018_1.jpg','快來新北、真好吃!','./img/transticket/cl_3018_2.jpg','快來新北、真好玩!','./img/transticket/cl_3018_3.jpg','快來新北、真划算!'),(224,3035,'./img/transticket/cl_3018_1.jpg','快來彰化、真好吃!','./img/transticket/cl_3018_2.jpg','快來彰化、真好玩!','./img/transticket/cl_3018_3.jpg','快來彰化、真划算!'),(225,3036,'./img/transticket/tr_3030_1.jpg','有許多的廟會可以觀賞','./img/transticket/tr_3030_2.jpg','帶到山上也OK','./img/transticket/tr_3030_3.jpg','讓你即使在山上，一樣通行無阻'),(226,2035,'./img/sightseeing/pe_2032_1.jpg','位於彰化親子寵物友善空間！有毛沒毛，卯起來玩就對啦','./img/sightseeing/pe_2032_2.jpg','施公祠按「施將軍廟碑記」，可確證此廟係施琅平臺封靖海候後所建之生祠。道光年間加祀海璮殉職之官兵，故不專稱將軍廟，而改稱施公祠','./img/sightseeing/pe_2032_3.jpg','位在觀音亭濱海遊憩公園內、帆船訓練中心後，交通很方便。'),(227,4042,'./img/viewpointticket/ar_4012_1.jpg','藝術展廳','./img/viewpointticket/ar_4012_2.jpg','現代文藝展館','./img/viewpointticket/ar_4012_3.jpg','現代文藝展館'),(228,2036,'./img/sightseeing/pe_2032_1.jpg','早上，去位於新竹親子寵物友善空間！有毛沒毛，卯起來玩就對啦下午，去施公祠按「施將軍廟碑記」，可確證此廟係施琅平臺封靖海候後所建之生祠。道光年間加祀海璮殉職之官兵，故不專稱將軍廟，而改稱施公祠。晚上，去位在觀音亭濱海遊憩公園內、帆船訓練中心後，交通很方便。','./img/sightseeing/pe_2032_2.jpg','施公祠按「施將軍廟碑記」，可確證此廟係施琅平臺封靖海候後所建之生祠。道光年間加祀海璮殉職之官兵，故不專稱將軍廟，而改稱施公祠','./img/sightseeing/pe_2032_3.jpg','位在觀音亭濱海遊憩公園內、帆船訓練中心後，交通很方便。'),(229,3037,'./img/transticket/cl_3018_1.jpg','快來基隆、真好吃!','./img/transticket/cl_3018_2.jpg','快來基隆、真好玩!','./img/transticket/cl_3018_3.jpg','快來基隆、真划算!'),(230,3038,'./img/transticket/cl_3018_1.jpg','快來苗栗、真好吃!','./img/transticket/cl_3018_2.jpg','快來苗栗、真好玩!','./img/transticket/cl_3018_3.jpg','快來苗栗、真划算!'),(231,3039,'./img/transticket/cl_3018_1.jpg','快來雲林、真好吃!','./img/transticket/cl_3018_2.jpg','快來雲林、真好玩!','./img/transticket/cl_3018_3.jpg','快來雲林、真划算!'),(232,2037,'./img/sightseeing/pe_2032_1.jpg','早上，去位於新竹親子寵物友善空間！有毛沒毛，卯起來玩就對啦下午，去施公祠按「施將軍廟碑記」，可確證此廟係施琅平臺封靖海候後所建之生祠。道光年間加祀海璮殉職之官兵，故不專稱將軍廟，而改稱施公祠。晚上，去位在觀音亭濱海遊憩公園內、帆船訓練中心後，交通很方便。','./img/sightseeing/pe_2032_2.jpg','施公祠按「施將軍廟碑記」，可確證此廟係施琅平臺封靖海候後所建之生祠。道光年間加祀海璮殉職之官兵，故不專稱將軍廟，而改稱施公祠','./img/sightseeing/pe_2032_3.jpg','位在觀音亭濱海遊憩公園內、帆船訓練中心後，交通很方便。'),(233,2038,'./img/sightseeing/pe_2032_1.jpg','早上，去位於新竹親子寵物友善空間！有毛沒毛，卯起來玩就對啦下午，去施公祠按「施將軍廟碑記」，可確證此廟係施琅平臺封靖海候後所建之生祠。道光年間加祀海璮殉職之官兵，故不專稱將軍廟，而改稱施公祠。晚上，去位在觀音亭濱海遊憩公園內、帆船訓練中心後，交通很方便。','./img/sightseeing/pe_2032_2.jpg','施公祠按「施將軍廟碑記」，可確證此廟係施琅平臺封靖海候後所建之生祠。道光年間加祀海璮殉職之官兵，故不專稱將軍廟，而改稱施公祠','./img/sightseeing/pe_2032_3.jpg','位在觀音亭濱海遊憩公園內、帆船訓練中心後，交通很方便。'),(234,2039,'./img/sightseeing/pe_2032_1.jpg','早上，去位於新竹親子寵物友善空間！有毛沒毛，卯起來玩就對啦下午，去施公祠按「施將軍廟碑記」，可確證此廟係施琅平臺封靖海候後所建之生祠。道光年間加祀海璮殉職之官兵，故不專稱將軍廟，而改稱施公祠。晚上，去位在觀音亭濱海遊憩公園內、帆船訓練中心後，交通很方便。','./img/sightseeing/pe_2032_2.jpg','施公祠按「施將軍廟碑記」，可確證此廟係施琅平臺封靖海候後所建之生祠。道光年間加祀海璮殉職之官兵，故不專稱將軍廟，而改稱施公祠','./img/sightseeing/pe_2032_3.jpg','位在觀音亭濱海遊憩公園內、帆船訓練中心後，交通很方便。'),(235,2040,'./img/sightseeing/pe_2032_1.jpg','早上，去位於新竹親子寵物友善空間！有毛沒毛，卯起來玩就對啦下午，去施公祠按「施將軍廟碑記」，可確證此廟係施琅平臺封靖海候後所建之生祠。道光年間加祀海璮殉職之官兵，故不專稱將軍廟，而改稱施公祠。晚上，去位在觀音亭濱海遊憩公園內、帆船訓練中心後，交通很方便。','./img/sightseeing/pe_2032_2.jpg','施公祠按「施將軍廟碑記」，可確證此廟係施琅平臺封靖海候後所建之生祠。道光年間加祀海璮殉職之官兵，故不專稱將軍廟，而改稱施公祠','./img/sightseeing/pe_2032_3.jpg','位在觀音亭濱海遊憩公園內、帆船訓練中心後，交通很方便。'),(236,4043,'./img/viewpointticket/ar_4012_1.jpg','藝術展廳','./img/viewpointticket/ar_4012_2.jpg','現代文藝展館','./img/viewpointticket/ar_4012_3.jpg','現代文藝展館'),(237,4044,'./img/viewpointticket/ar_4012_1.jpg','藝術展廳','./img/viewpointticket/ar_4012_2.jpg','現代文藝展館','./img/viewpointticket/ar_4012_3.jpg','現代文藝展館'),(238,4045,'./img/viewpointticket/ar_4012_1.jpg','藝術展廳','./img/viewpointticket/ar_4012_2.jpg','現代文藝展館','./img/viewpointticket/ar_4012_3.jpg','現代文藝展館'),(239,4046,'./img/viewpointticket/ar_4012_1.jpg','藝術展廳','./img/viewpointticket/ar_4012_2.jpg','現代文藝展館','./img/viewpointticket/ar_4012_3.jpg','現代文藝展館');
/*!40000 ALTER TABLE `ProductImg` ENABLE KEYS */;
UNLOCK TABLES;
/*!40103 SET TIME_ZONE=@OLD_TIME_ZONE */;

/*!40101 SET SQL_MODE=@OLD_SQL_MODE */;
/*!40014 SET FOREIGN_KEY_CHECKS=@OLD_FOREIGN_KEY_CHECKS */;
/*!40014 SET UNIQUE_CHECKS=@OLD_UNIQUE_CHECKS */;
/*!40101 SET CHARACTER_SET_CLIENT=@OLD_CHARACTER_SET_CLIENT */;
/*!40101 SET CHARACTER_SET_RESULTS=@OLD_CHARACTER_SET_RESULTS */;
/*!40101 SET COLLATION_CONNECTION=@OLD_COLLATION_CONNECTION */;
/*!40111 SET SQL_NOTES=@OLD_SQL_NOTES */;

-- Dump completed on 2023-01-31 13:47:23
